sansan_organization_code,url,country_code,corporate_number,name,name_furigana,address_inside,prefecture_name,prefecture_code,updated_at
1849302410224,,JP,6140001073703,株式会社らしく,ラシク,兵庫県尼崎市大庄中通1丁目101番地,兵庫県,28,
5522549682231,,JP,8430005014135,医療法人社団厚寿会大浦歯科クリニック,コウジュカイオオウラシカクリニック,北海道札幌市北区屯田五条7丁目1番71号,北海道,01,
7776224484351,http://www.asahi-helper.co.jp,JP,2260002022717,有限会社ライブ,ライブ,岡山県倉敷市松島549番地,岡山県,33,
9442945652061,http://md5-ph.com/,JP,6430002055720,メディカルファイブ株式会社,メディカルファイブ,北海道小樽市花園3丁目19番16号,北海道,01,
7377382473247,,JP,5430005010855,一般財団法人協済会,キョウサイカイ,北海道札幌市北区北十四条西5丁目北海道大学病院構内,北海道,01,
1961166727298,http://www.asabu-keisei.jp,JP,5430005010665,医療法人社団麻生形成外科クリニック,アサブケイセイゲカクリニック,北海道札幌市北区北四十条西4丁目2番1号麻生メディカルビル5階,北海道,01,
8429319055048,,JP,5040001117231,株式会社Amour,アムール,千葉県千葉市中央区生実町2503番地5,千葉県,12,
7145240423025,,JP,5430005001680,医療法人社団小林内科小児科医院,コバヤシナイカシヨウニカイイン,北海道札幌市北区北二十八条西5丁目2番16号,北海道,01,2022-07-04T08:55:42Z
6547338900707,http://coa-dental-clinic.com/,JP,4430005012613,医療法人社団建志会,ケンジカイ,北海道札幌市西区二十四軒三条1丁目1-26ORO MONTE二十四軒1F,北海道,01,2023-04-03T11:51:09Z
5855913133861,,JP,3130001046729,株式会社京乃詩,キョウノウタ,京都府京都市西京区松室吾田神町204番地エクセル吾田神B棟105号室,京都府,26,
1107694066648,http://www.nihon-chemical.co.jp/hokkaido-chemical/index.html,JP,1180001080601,株式会社北海道ケミカル,ホッカイドウケミカル,北海道札幌市厚別区大谷地東5丁目7番2号,北海道,01,
9183431522922,,JP,9210005009866,一般社団法人THCS,ティエイチシィエス,福井県三方上中郡若狭町井ノ口第26号5番地の19サンポートスリーム203号,福井県,18,
2397410404309,,JP,9430005001578,医療法人社団江口整形外科,エグチセイケイゲカ,北海道札幌市北区太平四条3丁目2番1号,北海道,01,
8378158677750,http://www.kanemitsu-c.or.jp/,JP,4012805000079,医療法人社団弘樹会,コウジュカイ,東京都昭島市田中町562番8号昭島昭和ビル2階,東京都,13,
2862230634388,http://reizankanon.web.fc2.com/,JP,8130005012037,特定非営利活動法人麗山,レイザン,京都府京都市南区西九条針小路町21番地,京都府,26,
6927469454866,,JP,9430005001933,医療法人社団西尾皮膚科医院,シャダンニシオヒフカイイン,北海道札幌市白石区南郷通1丁目北1番地1,北海道,01,2023-04-03T03:35:06Z
3880883076796,http://www.byo-in.com/,JP,7430005003270,医療法人中山会,ナカヤマカイ,北海道札幌市厚別区厚別東二条6丁目4番1号,北海道,01,
9922269852228,http://www.city.hagi.lg.jp/,JP,2000020352047,萩市,ハギシ,山口県萩市大字江向510,山口県,35,
9656587923302,,JP,4430005011870,医療法人社団かむかむ歯科,シャダンカムカムシカ,北海道札幌市北区北三十二条西13丁目1番1号マックスバリュ北32条店2F,北海道,01,
8142708351784,http://www.roudouhoken.or.jp,JP,3430005001427,公益財団法人北海道労働保健管理協会,ホッカイドウロウドウホケンカンリキョウカイ,北海道札幌市白石区本郷通3丁目南2番13号,北海道,01,
4385225860938,http://www.city.hikari.lg.jp,JP,6000020352101,光市,ヒカリシ,山口県光市中央6丁目1-1,山口県,35,2023-04-03T13:33:09Z
7378805000659,,JP,1430005001949,医療法人社団南郷医院,シャダンナンゴウイイン,北海道札幌市白石区南郷通12丁目北1番25号,北海道,01,
6970590452073,http://www.sinhp.jp,JP,4430005004874,医療法人社団札幌新川駅前内科,サッポロシンカワエキマエナイカ,北海道札幌市北区新川五条1丁目1番22号,北海道,01,2023-04-03T03:34:35Z
8097703537961,http://nire.or.jp/,JP,4430005000584,社会福祉法人楡の会,ニレノカイ,北海道札幌市厚別区厚別町下野幌49番地,北海道,01,
1883857053476,http://www.takikawa.or.jp,JP,3180305002332,医療法人社団一誠会,イッセイカイ,愛知県豊橋市八町通5丁目14番地の1,愛知県,23,
1904431162961,,JP,1430005002063,医療法人社団みどり内科クリニック,ミドリナイカクリニック,北海道札幌市白石区本郷通13丁目南4番27号,北海道,01,
3807372628938,http://www.smwh.or.jp,JP,9430005001438,医療法人明日葉会,アシタバカイ,北海道札幌市北区北十三条西4丁目2番23号,北海道,01,
4238272731941,http://www.sk-clinic.jp/,JP,9430005006362,医療法人社団東桑会,トウソウカイ,北海道札幌市北区北十八条西2丁目1番10号,北海道,01,2023-04-03T14:43:42Z
8276561744971,http://www.shinsapporo-itta-dental.com,JP,,,,,,,
7393617086209,,JP,6130003002446,合同会社日和,ヒヨリ,京都府京都市西京区下津林前泓町40番地3ル・プルミエール桂2階,京都府,26,
5485964685010,http://www.naka-kita.com,JP,9430005004886,医療法人社団中野整形北クリニック,ナカノセイケイキタクリニック,北海道札幌市北区北二十七条西5丁目1番28号,北海道,01,2023-04-03T14:08:06Z
2511516458146,,JP,4430005004370,医療法人社団小川医院,オガワイイン,北海道札幌市白石区本通16丁目北11番14号,北海道,01,
7566737733040,,JP,5430005004865,医療法人社団屯田横山眼科,トンデンヨコヤマガンカ,北海道札幌市北区屯田六条8丁目9番20号,北海道,01,
3373264636940,,JP,5430002030261,有限会社札幌ファルマーティー・ワイ,サッポロファルマーティーワイ,北海道札幌市豊平区平岸三条10丁目1番18号,北海道,01,
3776212436400,http://www.hibarigaoka-hp.jp,JP,6430005001481,社会医療法人貞仁会,テイジンカイ,北海道札幌市厚別区厚別中央三条2丁目12番1号,北海道,01,2023-04-03T03:24:36Z
5060182386095,http://www.risseikai.net/,JP,6021005003294,医療法人社団立靖会,リッセイカイ,神奈川県相模原市中央区相模原5丁目1番7号グラスワン1階,神奈川県,14,
6311876310161,http://www.care21.co.jp/,JP,5120001101680,株式会社ケア21,ケアニジュウイチ,大阪府大阪市北区堂島2丁目2番2号,大阪府,27,2023-04-03T12:35:05Z
6512500599464,http://keiaigroup.com,JP,,,,,,,
8950673655601,http://www.abe-naika.com/,JP,2430005001576,医療法人社団阿部内科医院,シャダンアベナイカイイン,北海道札幌市北区新琴似三条11丁目7番24号,北海道,01,
1980011822735,,JP,6430005002050,医療法人社団明雄会,シャダンアキオカイ,北海道札幌市北区北三十二条西10丁目1番1号,北海道,01,
9558197300950,https://www.aiwakaigo.com/,JP,9180002063102,有限会社愛和,アイワ,愛知県日進市米野木町家下122番地2,愛知県,23,
3191147548935,http://hp.kaipoke.biz/g0z/,JP,2120101065060,株式会社move,ムーブ,大阪府泉大津市池浦町3丁目4番20-16号,大阪府,27,
7406145421835,http://www.town.imakane.lg.jp,JP,3000020013706,今金町,イマカネチョウ,北海道瀬棚郡今金町字今金48-1,北海道,01,2023-04-03T04:15:05Z
6020626747360,https://suzuran-ph.jp/,JP,6420002001196,有限会社ケイエスメディカル,ケイエスメディカル,青森県青森市橋本2丁目13番5号,青森県,02,
8639763981235,,JP,6050001013098,株式会社手,テ,茨城県かすみがうら市下稲吉2632番地24,茨城県,08,
2851449956757,,JP,5060001025812,株式会社竹心,タケシン,栃木県宇都宮市戸祭3丁目8番21号,栃木県,09,
8221552771113,,JP,4250005004827,医療法人健幸会,ケンコウカイ,山口県萩市大字吉田町1番地,山口県,35,
2066324737029,,JP,1310005002884,社会福祉法人健世会,ケンセイカイ,長崎県佐世保市桑木場町159番,長崎県,42,
8650600119606,,JP,3320005005868,社会福祉法人偕倖社,カイコウシャ,大分県竹田市大字三宅1763番地1,大分県,44,
6462033616251,,JP,2430002040494,有限会社シャクティ,シャクティ,北海道札幌市北区屯田六条6丁目5番33号,北海道,01,
5636475877384,https://www.pals-pharmacy.com/,JP,7430001023669,株式会社そえる,ソエル,北海道札幌市中央区北六条西16丁目1番地5,北海道,01,
8146793624090,,JP,7430005001778,医療法人社団白石こどもクリニック,シロイシコドモクリニック,北海道札幌市白石区南郷通2丁目北2番1号,北海道,01,
4842741664715,,JP,8180001133550,株式会社RASHIKS,ラシクス,愛知県瀬戸市萩殿町3丁目39番地,愛知県,23,
9246492130400,http://www.h-polepole.com,JP,2290005010294,社会福祉法人拓く,ヒラク,福岡県久留米市安武町武島468番地の2,福岡県,40,
9453998703423,http://www.oct-net.ne.jp/~wada1/,JP,3320005003236,医療法人信和会,シンワカイ,大分県宇佐市大字出光165番地の1,大分県,44,2023-04-03T15:26:38Z
4471623833218,http://kiboukai.byoinnavi.jp/pc/,JP,6430005011893,医療法人社団輝望会,キボウカイ,北海道札幌市白石区平和通4丁目南1番7号ラベンダー白石701号,北海道,01,
6707095385490,https://www.houjin-bangou.nta.go.jp/henkorireki-johoto.html?selHouzinNo=6060002022790,JP,6060002022790,有限会社三鈴堂,ミスズドウ,栃木県那須塩原市豊浦北町74番地84,栃木県,09,
8248663899438,http://www.city.nanao.lg.jp,JP,4000020172022,七尾市,ナナオシ,石川県七尾市袖ケ江町イ部25,石川県,17,2023-04-03T09:01:50Z
4084344724239,http://www.sanshindou.co.jp/index.html,JP,4430001023408,株式会社丸高三信堂,マルタカサンシンドウ,北海道札幌市中央区北二条西20丁目1番28号,北海道,01,
2607445783337,https://aiemu-pharmacy.localinfo.jp/,JP,6430001044889,株式会社三育,サンイク,北海道札幌市北区あいの里二条5丁目1番45号,北海道,01,
3275038196058,https://artrest.co.jp/,JP,6220001022296,株式会社Artrest,アートレスト,石川県金沢市吉原町ハ66番地1,石川県,17,
1568343233755,https://tonomori.bsj.jp/,JP,9180301030744,株式会社TONOMORI,トノモリ,愛知県豊橋市牛川町字乗小路32番地294,愛知県,23,2023-04-03T10:13:27Z
4393502934880,,JP,,,,,,,
7533652129896,http://hp.kaipoke.biz/fpe/index.html,JP,8140001099911,株式会社SAM,SAM,兵庫県姫路市四郷町見野990番地,兵庫県,28,
1365144287610,,JP,5430002019387,有限会社ミッテル,ミッテル,北海道札幌市北区屯田七条4丁目7番35号,北海道,01,2023-04-03T03:35:09Z
3560502492990,http://www.toei-ina.co.jp/,JP,4030001042398,株式会社東栄,トウエイ,埼玉県北足立郡伊奈町大字大針320番地,埼玉県,11,
5022392871637,,JP,1430002039793,有限会社札幌エムワイファーマシー,サッポロエムワイファーマシー,北海道札幌市中央区北五条西23丁目1番10-1105号,北海道,01,
9833467985727,https://www.terashimaseikei.com/,JP,7430005001893,医療法人社団寺島整形外科,テラシマセイケイゲカ,北海道札幌市北区屯田七条8丁目1番1号,北海道,01,2023-04-03T03:25:53Z
1844667241268,http://www.iwahara-dental.com,JP,8430005003988,医療法人社団いわはら歯科,シャダンイワハラシカ,北海道札幌市白石区北郷七条7丁目4番15号,北海道,01,
6104295863872,,JP,,,,,,,
4044571142997,http://kyotowings.com,JP,,,,,,,
9129973469584,,JP,7430005001654,医療法人社団杏英会安達内科医院,シャダンカラモモエイカイアダチナイカイイン,北海道札幌市北区太平六条5丁目1番17号,北海道,01,
9289738443373,,JP,4430005013495,医療法人イリス会,イリスカイ,北海道札幌市白石区南郷通1丁目南8番10号白石ガーデンプレイス3階,北海道,01,
9338025836524,,JP,6430005001820,医療法人信佑会吉田記念病院,シンユウカイヨシダキネンビョウイン,北海道札幌市白石区本通2丁目南5番10号,北海道,01,
2994993256971,http://www.city.saku.nagano.jp,JP,2000020202177,佐久市,サクシ,長野県佐久市中込3056,長野県,20,
8126431958475,,JP,,,,,,,
8923900460398,,JP,7430002029616,有限会社ウィッシュ,ウィッシュ,北海道札幌市北区あいの里一条6丁目2番1号,北海道,01,
2125627513844,http://www.fukufuku-p.com,JP,8230005008751,特定非営利活動法人ポエム,ポエム,富山県富山市月岡町4丁目171番地1,富山県,16,
4691696268891,http://www.ena-clinic.com,JP,7430005004723,医療法人社団エナ麻生ARTクリニック,エナアサブアートクリニック,北海道札幌市北区麻生町2丁目2番7号中川ビル2階,北海道,01,
3631970327476,http://www.momo3.net/,JP,4190002018398,有限会社だいち,ダイチ,三重県員弁郡東員町大字中上790番地1,三重県,24,
3668221098045,http://www.miyanomori.or.jp,JP,7430005001497,医療法人讃生会,サンセイカイ,北海道札幌市中央区宮の森三条7丁目5番25号,北海道,01,
8940566808538,http://www.sansoukai.or.jp,JP,1430005011782,社会福祉法人三草会,サンソウカイ,北海道札幌市東区本町二条5丁目7番10号,北海道,01,
4159990489607,http://www.kaminopporo-ic.jp/,JP,5430005003628,医療法人社団圭桃会,ケイトウカイ,北海道札幌市厚別区上野幌一条3丁目1番7号,北海道,01,2023-04-03T03:35:10Z
6612500567214,,JP,9460105002044,医療法人社団航慎会,コウシンカイ,北海道広尾郡広尾町本通11丁目10番地,北海道,01,
6567775396991,,JP,9000020394025,佐川町,サカワチヨウ,高知県高岡郡佐川町甲1650-2,高知県,39,2023-04-03T14:24:28Z
2765371095767,,JP,1430002044835,有限会社メディカルライフ,メディカルライフ,北海道北広島市大曲緑ヶ丘4丁目14番地5,北海道,01,
8157856510205,http://www.ishikane-hospital.or.jp/,JP,9430005001958,特定医療法人朋友会,トクテイイリョウホウジンホウユウカイ,北海道札幌市北区新川714番地2,北海道,01,
4816537633860,http://shinoro-kodomo.jp,JP,9430005012278,医療法人社団篠路こどもクリニック,シャダンシノロコドモクリニック,北海道札幌市北区篠路三条6丁目4番32号UURコート札幌壱番館1F,北海道,01,
4155346855091,,JP,2430002005588,有限会社菊水六薬会,キクスイロククスリカイ,北海道札幌市白石区菊水四条2丁目2番27号,北海道,01,
9513226027414,http://www.kanazawakokoro.com/kokoro-gh/,JP,5220005002015,社会福祉法人こころ,ココロ,石川県金沢市長坂町ヲ192番3,石川県,17,
9622243568845,https://alfahoukanst.jp,JP,6190001029345,株式会社Alfam,アルファム,三重県四日市市楠町南五味塚160番地4,三重県,24,
5832086613960,,JP,4430005001673,医療法人社団小野幌医院,シャダンアツベツチョウコノッポロイイン,北海道札幌市厚別区厚別東四条4丁目5番15号,北海道,01,
8981792324289,,JP,8100001006714,株式会社i,アイ,長野県須坂市馬場町401番地17,長野県,20,
8150197464693,http://www.career-ccg.jp,JP,4430005003380,医療法人社団渡邉一彦小児科医院,ワタナベカズヒコショウニカイイン,北海道札幌市白石区本通1丁目南1番13号,北海道,01,2023-04-03T03:35:07Z
1336117424525,,JP,2430005001865,医療法人社団フクロウ会,シャダンフクロウカイ,北海道札幌市白石区本通9丁目南5番11号,北海道,01,
3210504145749,http://www.vill.tomari.hokkaido.jp,JP,2000020014036,泊村,トマリムラ,北海道古宇郡泊村大字茅沼村字臼別191-7,北海道,01,2023-04-03T04:05:27Z
1668456810429,http://www.erim.jp/,JP,1430002031296,有限会社エリム,エリム,北海道札幌市白石区本通1丁目南1番13号,北海道,01,
8829553567978,,JP,2180001145130,株式会社リアン,リアン,愛知県名古屋市中川区江松1丁目301番地,愛知県,23,
4966500665164,http://www.shinoroseikei.jp,JP,6430005001804,医療法人社団篠路整形外科,シャダンシノロセイケイゲカ,北海道札幌市北区篠路四条5丁目3番9号,北海道,01,2023-04-03T03:26:42Z
8135834514858,,JP,6430005003379,医療法人社団えんどう皮膚科クリニック,エンドウヒフカクリニック,北海道札幌市白石区南郷通19丁目南3番11号メディカル97 2階,北海道,01,
1111167435082,,JP,4170001012346,株式会社一時,イチジ,和歌山県田辺市天神崎35-30サンヴィレッジ202,和歌山県,30,
9678833003010,,JP,8430005001810,医療法人社団佐野耳鼻咽喉科,サノジビインコウカ,北海道札幌市北区新琴似八条6丁目5番10号竹内メディカルビル2階,北海道,01,
8366612284961,http://www.foresight2001.co.jp/,JP,6430001011030,株式会社フォーサイト,フォーサイト,北海道札幌市北区北三十八条西2丁目2番3号,北海道,01,
5230223128722,http://www.asabuseikei.or.jp,JP,3430005001435,医療法人麻生整形外科病院,アサブセイケイゲカビョウイン,北海道札幌市北区新琴似八条2丁目2番5号,北海道,01,
1938846667096,http://yamauti-seikei.com,JP,3430005003506,医療法人社団飛翔会,ヒショウカイ,北海道札幌市白石区栄通19丁目13番31号,北海道,01,
3270745546966,http://www.city.kushima.lg.jp,JP,4000020452076,串間市,クシマシ,宮崎県串間市大字西方5550,宮崎県,45,
9932237346296,https://satudora.jp/,JP,9430001020202,株式会社サッポロドラッグストアー,サッポロドラッグストアー,北海道札幌市東区北八条東4丁目1番20号,北海道,01,
4860834420211,,JP,8430005003690,医療法人社団北都眼科,ホクトガンカ,北海道札幌市白石区北郷三条8丁目5番36号,北海道,01,
6510551546721,https://en-gage.net/carumiano-sato/,JP,7180001134707,株式会社amby,アンバイ,愛知県名古屋市名東区香流2丁目1117番地,愛知県,23,
3636772434861,,JP,6330001019595,株式会社一休,イッキュウ,熊本県玉名市滑石2542番地3,熊本県,43,
8600718321956,https://www.mebae-kodomo.com/,JP,6430005003271,医療法人社団めばえこどもクリニック,メバエコドモクリニック,北海道札幌市北区あいの里一条3丁目4番8号,北海道,01,
4848885360728,,JP,1430005001800,医療法人社団小路内科消化器クリニック,ショウジナイカショウカキクリニック,北海道札幌市白石区栄通15丁目9番35号,北海道,01,
1460210142369,http://www.yamanakatatsuru.com/,JP,3430005002086,医療法人社団山中たつる小児科,ヤマナカタツルショウニカ,北海道札幌市白石区南郷通11丁目南3番9号,北海道,01,2023-04-03T03:35:06Z
9553129813632,https://taishidc.wordpress.com/,JP,,,,,,,
3082274551374,,JP,8430005012246,医療法人社団北桜会,ホクオウカイ,北海道札幌市白石区中央三条5丁目1番1号,北海道,01,
7296379277292,http://www.harunire.jp/index.html,JP,6430002016136,有限会社はるにれ企画,ハルニレキカク,北海道札幌市北区新琴似一条2丁目10番15号,北海道,01,
8438675520788,http://www.satou-dc.net,JP,6430005001762,医療法人社団さとう歯科クリニック,サトウシカクリニック,北海道札幌市北区新琴似十二条10丁目2番1号,北海道,01,2023-04-03T03:34:58Z
2119334317783,http://nirenomori.jp,JP,1430005003276,医療法人社団にれの杜クリニック,ニレノモリクリニック,北海道札幌市白石区菊水上町四条2丁目359番1,北海道,01,
5599023834715,,JP,8430005013987,医療法人聖桜会,セイオウカイ,北海道札幌市白石区平和通2丁目南2番地2,北海道,01,
5526435591142,http://kikusui-sg.or.jp,JP,8430005005290,医療法人社団菊水整形外科,シャダンキクスイセイケイゲカ,北海道札幌市白石区菊水三条2丁目13番1号,北海道,01,2023-04-03T17:01:44Z
2156711106825,http://wajima-kabulet.jp/,JP,8220005002763,社会福祉法人佛子園,ブッシエン,石川県白山市北安田町548番地2,石川県,17,2023-04-03T08:56:29Z
4336202932935,http://yurigahara.com,JP,5430005001953,医療法人社団澪和会,ミワカイ,北海道札幌市北区太平九条7丁目1番2号,北海道,01,
9542155781787,http://housuikai.org/clinic.html,JP,2430005001857,医療法人社団萌水会,ホウスイカイ,北海道札幌市北区篠路二条4丁目6番30号,北海道,01,
9298540118365,http://www.ohyama-seikei-or.jp/,JP,7430005011892,医療法人社団東札幌おおやま整形外科,ヒガシサッポロオオヤマセイケイゲカ,北海道札幌市白石区東札幌二条4丁目11番14号メディカル・コート東札幌2階,北海道,01,
8121310276991,http://www.kenyu.co.jp/index.html,JP,3180001054082,株式会社健遊館,ケンユウカン,愛知県名古屋市中村区寿町25番地,愛知県,23,2023-04-03T09:39:00Z
7599344652206,http://www.hide-dan.com/,JP,4470001014056,株式会社英,エイ,香川県善通寺市原田町1202番地3,香川県,37,
2779578024128,,JP,3430005001864,医療法人社団高瀬歯科医院,シャダンタカセシカイイン,北海道札幌市北区屯田四条4丁目6番17号,北海道,01,2023-04-03T03:34:57Z
3354899001674,,JP,2430005001683,医療法人社団北風歯科医院,シャダンキタカゼシカイイン,北海道札幌市白石区北郷二条12丁目7番8号,北海道,01,
2176944533565,http://www.inacity.jp/,JP,9000020202096,伊那市,イナシ,長野県伊那市下新田3050,長野県,20,2023-04-03T08:06:01Z
6053049414925,http://www.city.mitoyo.lg.jp,JP,7000020372081,三豊市,ミトヨシ,香川県三豊市高瀬町下勝間2373-1,香川県,37,2023-04-03T14:09:44Z
1877502475482,,JP,5430002027935,有限会社こもりく,コモリク,北海道札幌市厚別区上野幌三条3丁目2番2号,北海道,01,
3984592203230,http://www.mpd1122.com,JP,3430005003324,医療法人社団白優会三好プリベント歯科,ハクユウカイミヨシプリベントシカ,北海道札幌市白石区平和通3丁目北5番22号,北海道,01,
5035306319747,http://www.kokeikai.com,JP,4430005001707,医療法人社団弘恵会,シャダンコウケイカイ,北海道札幌市白石区北郷二条4丁目6番12号,北海道,01,
6696037893258,,JP,5430005001607,医療法人社団青葉産婦人科クリニック,アオバサンフジンカクリニック,北海道札幌市厚別区青葉町6丁目1番9号,北海道,01,
5071600763000,http://www.inamurahifuka.or.jp,JP,4430005001715,医療法人社団圭光会いなむら皮膚科医院,ケイコウカイイナムラヒフカイイン,北海道札幌市厚別区上野幌三条4丁目9番14号,北海道,01,
3756052190132,https://unismile.co.jp/,JP,8010001028040,株式会社ユニスマイル,ユニスマイル,東京都千代田区神田練塀町68番地1ムラタヤビル3階,東京都,13,
2587580638871,http://www.taihei-ganka.com,JP,3430005011871,医療法人社団太平眼科,タイヘイガンカ,北海道札幌市北区太平十条1丁目2番1号,北海道,01,
1212521532490,https://www.cocoro-inc.net,JP,3080402016996,株式会社こころ,ココロ,静岡県浜松市中区田町329番地の12,静岡県,22,
1243447618525,http://mentalforest-clinic.com,JP,7430005011777,医療法人ライブフォレスト,ライブフォレスト,北海道札幌市中央区南七条西15丁目1番1号クレド3階,北海道,01,
6951244793475,http://www.jata-h.com,JP,5430005010723,公益財団法人北海道結核予防会,ホッカイドウケッカクヨボウカイ,北海道札幌市北区北八条西3丁目28番地札幌エルプラザ5階,北海道,01,
7030421446281,,JP,2430005001717,医療法人社団健守会札幌でむら小児クリニック,ケンシュカイサッポロデムラショウニクリニック,北海道札幌市白石区菊水五条2丁目2番5号,北海道,01,
4988760536144,http://www.ssn-hp.jp/,JP,9430005001462,社会医療法人医翔会,イショウカイ,北海道札幌市白石区本通8丁目南1番10号,北海道,01,
6614381617329,http://www14.plala.or.jp/toukaibasien/index.html,JP,6180001052785,株式会社安里,アサト,愛知県名古屋市港区新船町3丁目1番地,愛知県,23,
7967210336506,,JP,1430001074362,ポポヤクコーポレーション株式会社,ポポヤクコーポレーション,北海道札幌市白石区北郷二条4丁目6番7号,北海道,01,
6072833385201,,JP,3430005014131,医療法人地域包括歯科医療センター,チイキホウカツシカイリョウセンター,北海道札幌市北区新琴似十条14丁目12番15号,北海道,01,
4182265614797,,JP,9430005010315,医療法人社団くすのきこどもクリニック,クスノキコドモクリニック,北海道札幌市北区北二十四条西14丁目3番8号北24条通メディカルプレイスビル2階,北海道,01,
3743626132200,http://www.turtulht.com,JP,5430005001887,医療法人社団康仁会,コウジンカイ,北海道札幌市北区北十七条西2丁目2番16号,北海道,01,
8668125349633,,JP,4430005006210,医療法人社団ちはる神経内科クリニック,チハルシンケイナイカクリニック,北海道札幌市北区北二十七条西5丁目1-28エフテービル4F,北海道,01,
6467387484032,https://www.ainj.co.jp/,JP,7430001069398,株式会社アインファーマシーズ,アインファーマシーズ,北海道札幌市白石区東札幌五条2丁目4番30号,北海道,01,2022-09-28T03:50:23Z
6015923428045,https://www.ooshima-clinic.com/,JP,5430005001821,医療法人社団清香会,セイコウカイ,北海道札幌市白石区南郷通18丁目北3番28号,北海道,01,2023-04-03T03:35:07Z
9739054950090,,JP,3200003005535,合同会社美心,ビシン,岐阜県瑞穂市稲里721番地-106号,岐阜県,21,
3766576701244,,JP,3430002015413,有限会社野津商店,ノヅショウテン,北海道札幌市北区北二十五条西8丁目1番17号,北海道,01,
1315602225384,http://www.okb-clinic.com/,JP,8430005004160,医療法人社団大谷地形成外科美容外科クリニック,オオヤチケイセイゲカビヨウゲカクリニック,北海道札幌市厚別区大谷地東5丁目1番43号,北海道,01,
3995351145054,http://ritsurinsou.or.jp/,JP,2060005004897,社会福祉法人丹緑会,ニロクカイ,栃木県小山市大字塚崎463番地1,栃木県,09,
5044574721541,,JP,4430005004288,医療法人社団えんどう小児歯科・矯正歯科医院,シャダンエンドウショウニシカ・キョウセイシカイイン,北海道札幌市北区北二十三条西3丁目2番28号第一高瀬ビル3階,北海道,01,
3614249648655,http://kaigotaxi-kikyo.com,JP,6310001014607,株式会社輝橋,キキョウ,長崎県佐世保市桜木町3番25号,長崎県,42,
8677410527198,,JP,8210001017023,株式会社LIFE,ライフ,福井県福井市城東1丁目14番1号,福井県,18,
7420661034458,,JP,5430005014666,医療法人社団成嶺会,セイレイカイ,北海道札幌市北区北二十二条西4丁目2-12コモド22 1F,北海道,01,
8651350980536,,JP,,,,,,,
8075400889905,,JP,3430005001609,医療法人社団あいの里内科消化器科クリニック,アイノサトナイカショウカキカクリニック,北海道札幌市北区あいの里一条6丁目2番2号,北海道,01,
8292113884620,http://www.rhythmic-gynecology.com,JP,3430005004875,医療法人社団リズミック産婦人科クリニック,リズミックサンフジンカクリニック,北海道札幌市北区北二十二条西5丁目1番32号,北海道,01,2023-04-03T03:34:58Z
5842987899647,,JP,3430005001658,医療法人社団こすげ内科医院,コスゲナイカイイン,北海道札幌市北区屯田二条3丁目8番10号,北海道,01,2023-04-03T03:34:08Z
3083976517352,http://sakura-jibika.com/,JP,1430005010322,医療法人さくら耳鼻咽喉科,サクラジビインコウカ,北海道札幌市白石区東札幌三条3丁目13番1シヴァビル2階,北海道,01,
8114827907687,http://www.kinentou.or.jp/,JP,9430005004143,社会医療法人交雄会メディカル,コウユウカイメディカル,北海道札幌市厚別区厚別中央一条6丁目2番5号,北海道,01,
5805770737123,http://www.town.otobe.lg.jp/,JP,1000020013641,乙部町,オトベチョウ,北海道爾志郡乙部町字緑町388,北海道,01,2023-04-03T04:15:05Z
4613370147277,http://omesankeihp.jp,JP,5013105000818,医療法人社団三秀会,シャダンサンシュウカイ,東京都羽村市羽字武蔵野4207番地,東京都,13,
8250971080356,http://www.kitagawa-clinic.jp/original2.html,JP,6122005001922,医療法人修智会,シュウチカイ,大阪府八尾市山本町南1丁目10番11号,大阪府,27,2023-04-03T12:43:32Z
7654823719425,,JP,9330001017514,株式会社庭一,ニワ,熊本県熊本市西区中原町1280番地,熊本県,43,
4028989722064,http://www.spzaitaku.com,JP,1430005005347,医療法人訪友会,ホウユウカイ,北海道札幌市北区北三十七条西4丁目2番6号マンションブリッジ麻生橋元ビル1F,北海道,01,
7627381133371,,JP,1430005001577,医療法人社団英山会,シャダンエイザンカイ,北海道札幌市北区新川四条11丁目8番16号,北海道,01,
2521370789595,http://www.implant-senjinkai.com,JP,5430005003561,医療法人社団千仁会,センジンカイ,北海道札幌市北区屯田五条10丁目8番1号,北海道,01,
6072930441414,http://www.hokusei-hp.or.jp/,JP,5430005001540,社会医療法人延山会,エンザンカイ,北海道札幌市北区新川西三条2丁目10番1号,北海道,01,
4599697485565,http://www.nho-dmc.jp,JP,1013205001281,独立行政法人国立病院機構,コクリツビョウインキコウ,東京都目黒区東が丘2丁目5番21号,東京都,13,
5673191592860,http://fouatons.info/,JP,,,,,,,
7944216516507,,JP,9430001053656,北海道ファーマライズ株式会社,ホッカイドウファーマライズ,北海道苫小牧市清水町1丁目2番1号,北海道,01,
8514969308995,https://ichiki-naikahifuka.com/,JP,1340005003715,医療法人健仁会,ケンジンカイ,鹿児島県いちき串木野市大里3869番地6,鹿児島県,46,2022-07-05T00:08:49Z
9341872011798,http://www.kon-clinic.com,JP,5430005003990,医療法人社団眞明会今医院,シンメイカイコンイイン,北海道札幌市北区北二十五条西8丁目2番3号,北海道,01,
1302446948778,http://watanabedental.net/,JP,9430005011296,医療法人社団緑友会,リョクユウカイ,北海道札幌市北区北二十七条西5丁目1番28号エフテービル5階,北海道,01,
6070491030005,,JP,5430001038776,株式会社あかしあ,アカシア,北海道札幌市白石区南郷通12丁目北1番27号,北海道,01,2023-04-03T16:58:35Z
9936677332976,,JP,9430002041577,有限会社クレイン薬局,クレインヤッキョク,北海道札幌市白石区本通11丁目南1番12号,北海道,01,
9154184310993,,JP,9000020205834,信濃町,シナノマチ,長野県上水内郡信濃町大字柏原428-2,長野県,20,2023-04-03T08:18:58Z
2459894159392,,JP,,,,,,,
6389102348947,,JP,8180001107422,株式会社いちろ,イチロ,愛知県名古屋市守山区幸心3丁目1407番地,愛知県,23,
7059005303727,https://www.n20clinic.jp/,JP,5430005004163,医療法人社団北20条内科クリニック,キタニジュウジョウナイカクリニック,北海道札幌市北区北二十条西6丁目2番10号,北海道,01,
8412454197398,https://itp.ne.jp/info/013329350000000899/,JP,8430005004945,医療法人社団おおさき内科,オオサキナイカ,北海道札幌市北区新琴似七条9丁目6番21号,北海道,01,
4978754636558,http://www.aiiku-hp.or.jp,JP,4430005001459,医療法人菊郷会,キクゴウカイ,北海道札幌市白石区菊水元町五条3丁目5番10号,北海道,01,
1949914410986,http://www.kin-ikyo-chuo.jp,JP,3430005010758,公益社団法人北海道勤労者医療協会,ホッカイドウキンロウシャイリョウキョウカイ,北海道札幌市白石区菊水三条3丁目5番地,北海道,01,
2019702397959,,JP,2430005004942,医療法人永遠会,トワカイ,北海道札幌市白石区本郷通13丁目南1番13号アピカル南郷1階,北海道,01,
2910426055901,http://www.houwa.or.jp,JP,1430005001528,医療法人豊和会,ホウワカイ,北海道札幌市厚別区大谷地東2丁目5番12号,北海道,01,
3595303264677,http://www.keifukukai.com,JP,7060005003829,社会福祉法人京福会,ケイフクカイ,栃木県那須塩原市住吉町5番10号,栃木県,09,
6959789549880,,JP,,,,,,,
4512792161637,,JP,3430002030263,有限会社すばる調剤薬局,スバルチョウザイヤッキョク,北海道札幌市白石区川下二条6丁目2番23号,北海道,01,
1717950349635,http://www.matsumoto-pediatrics.jp,JP,1430005002047,医療法人社団まつもと小児科,マツモトショウニカ,北海道札幌市白石区北郷二条4丁目3番5号北郷メディカルビル2階,北海道,01,2023-04-03T03:24:59Z
6071322783546,http://www.nicho.co.jp/,JP,9010001064753,日本調剤株式会社,ニホンチョウザイ,東京都千代田区丸の内1丁目9番1号,東京都,13,
7300924326161,,JP,6430005012446,医療法人亘史会,センシカイ,"北海道札幌市豊平区平岸四条9丁目117, 118, 119",北海道,01,
6505178277837,http://www.shoureikan.jp/,JP,7430005001472,医療法人社団翔嶺館,ショウレイカン,北海道札幌市厚別区厚別東四条2丁目1番37号,北海道,01,
1226959716044,http://rainin0723.wixsite.com/care-home,JP,6190001013497,株式会社SHINEI,シンエイ,三重県桑名市大字芳ケ崎1497番地14,三重県,24,
5193513579909,http://www.kokoro-recovery.org/,JP,6430005010821,公益財団法人北海道精神保健推進協会,ホッカイドウセイシンホケンスイシンキョウカイ,北海道札幌市白石区平和通17丁目北1番13号,北海道,01,
2866750329813,,JP,4430005006367,医療法人社団上,シャダンジョウ,北海道札幌市白石区本通1丁目南1番13号雄健1階,北海道,01,
7895608720652,http://www.yuyukurabu.com/refer.html,JP,7140001080112,株式会社MDR,エムディーアール,兵庫県川西市多田桜木2丁目1番21号,兵庫県,28,
7061497890123,http://yuyu-clinic.jp,JP,1290005006707,医療法人社団悠雅,ユウガ,福岡県太宰府市五条2丁目11番3号,福岡県,40,
6784725784855,https://www.nanohana-ph.jp/company/operating-companies.php,JP,1430001005219,株式会社なの花北海道,ナノハナホッカイドウ,北海道札幌市中央区北十条西24丁目3番地,北海道,01,
3952184297097,,JP,6430001071124,LBDリサーチ株式会社,LBDリサーチ,北海道札幌市白石区南郷通14丁目北3番8号,北海道,01,
5107996958738,https://rare-c.co.jp/,JP,9010501021320,株式会社RARECREW,レアクル,東京都台東区東上野6丁目1番1号高長ビル3階,東京都,13,
5041914965792,http://www.city.seki.lg.jp,JP,4000020212059,関市,セキシ,岐阜県関市若草通3丁目1,岐阜県,21,2023-04-03T10:35:00Z
5040213554961,https://colors7716.com/,JP,9170001012878,株式会社COLORS,COLORS,和歌山県和歌山市禰宜923-3,和歌山県,30,
6764311720514,,JP,4430005006359,医療法人社団ちぇりこ会,シャダンチェリコカイ,北海道札幌市北区北四十条西4丁目2番20号麻生むらもとビル2階,北海道,01,2023-04-03T13:26:55Z
1065273223798,http://yurigahara.net,JP,4430005003265,医療法人社団ゆりがはら内科ケア&クリニック,ユリガハラナイカケアアンドクリニック,北海道札幌市北区百合が原7丁目4番25号,北海道,01,
4088119203097,,JP,9430002015894,有限会社八扇堂,ハチオウギドウ,北海道札幌市白石区東札幌五条6丁目6番33号,北海道,01,
8467747168481,http://www.asahi.ws,JP,8430005006363,医療法人社団博栄会,ハクエイカイ,北海道札幌市白石区南郷通3丁目南8番25号N-3壱番館1階,北海道,01,
6496399010518,https://www.cuore-mentalclinic.com/,JP,2430005003374,医療法人社団蒼成会クオーレメンタルクリニック,ソウセイカイクオーレメンタルクリニック,北海道札幌市白石区南郷通14丁目南3番11号ラスコム13ビル,北海道,01,
3642242476907,http://www.hokushokai.com,JP,6430005000599,社会福祉法人北翔会,ホクショウカイ,北海道札幌市白石区川北2254番地1,北海道,01,
4126638590785,http://www.kitachouzai.jp/,JP,1430001027196,株式会社キタ調剤薬局,キタチョウザイヤッキョク,北海道札幌市清田区清田六条2丁目23番1号,北海道,01,
4295031579135,https://www.sogo-medical.co.jp/information/coop/view/2,JP,5430001028991,株式会社あおば調剤薬局,アオバチョウザイヤッキョク,北海道札幌市中央区北五条西6丁目2番2号,北海道,01,
5333470544264,,JP,5430005011077,医療法人社団かわむら歯科クリニック,カワムラシカクリニック,北海道札幌市北区屯田六条2丁目9番11号,北海道,01,
9402858008971,,JP,3430005004974,医療法人社団おがさわら耳鼻咽喉科クリニック,オガサワラジビインコウカクリニック,北海道札幌市北区北二十四条西14丁目3番8号北24条通メディカルプレイス3階,北海道,01,2023-04-03T03:34:36Z
1656178199363,https://higashisapporo-noshinkei-clinic.com/,JP,4430005010682,医療法人明泉会東札幌脳神経クリニック,メイセンカイヒガシサッポロノウシンケイクリニック,北海道札幌市白石区東札幌三条3丁目13番1号シヴァビル3F,北海道,01,
2740987363585,http://www.moridental.com,JP,5430005005186,医療法人社団道修会,ドウシュウカイ,北海道札幌市白石区川下二条4丁目2番7号,北海道,01,
7866158987030,http://www.forte-ph.com/index.html,JP,5430002029031,有限会社ライフネットワーク,ライフネットワーク,北海道札幌市白石区南郷通19丁目南3番11号,北海道,01,
4875128486073,https://www.ost-japan.com/,JP,1430001027964,株式会社オストジャパングループ,オストジャパングループ,北海道札幌市厚別区厚別南5丁目1番7号,北海道,01,
7209047749926,https://www.clione-p.jp/,JP,8430001031398,株式会社クリオネ,クリオネ,北海道札幌市中央区北三条西15丁目1番地50,北海道,01,
3837402595592,http://www.niwaclinic.jp/,JP,6430005011290,医療法人桃実会,トウジツカイ,北海道札幌市北区屯田九条3丁目1番20号屯田メディカルモール1階,北海道,01,
7151189663277,http://www.aoikai.jp/mimura/,JP,8430005009861,医療法人社団積信会,セキシンカイ,北海道札幌市白石区中央三条5丁目4番30号,北海道,01,2023-04-03T04:06:04Z
9778875534179,,JP,6430005002100,医療法人社団智愛会,シャダンチナルカイ,北海道札幌市白石区南郷通1丁目北1番地1ST相馬ビル2階,北海道,01,
4482500922038,http://sugi-dent.com/,JP,2430005001477,医療法人杉歯科医院,スギシカイイン,北海道札幌市白石区東札幌三条6丁目1番1号,北海道,01,
1672336779353,,JP,7010905001647,医療法人社団長伸会,チョウシンカイ,東京都世田谷区桜丘4丁目16番9号ベストライフ世田谷1階,東京都,13,
2381562409091,,JP,9000020242101,亀山市,カメヤマシ,三重県亀山市本丸町577,三重県,24,2023-04-03T10:42:15Z
8444367346845,,JP,4430005012241,一般社団法人39会,サンキュウカイ,北海道札幌市白石区本通2丁目北3番8号,北海道,01,
1893553185227,http://www.hsh.or.jp/,JP,6430005001523,医療法人東札幌病院,ヒガシサッポロビョウイン,北海道札幌市白石区東札幌三条3丁目7番35号,北海道,01,
7941080597387,http://www.kaikou.or.jp/jyousai/,JP,,,,,,,
5211706896392,,JP,,,,,,,
9924075660009,http://www.kk-cl.com/,JP,4430005011879,医療法人社団みんなのこどもクリニック,ミンナノコドモクリニック,北海道札幌市白石区菊水元町五条2丁目2番4号Ucラポール1階,北海道,01,
1975179947586,http://www.araki-hospital.jp/,JP,5430005003231,医療法人社団荒木病院,アラキビョウイン,北海道札幌市北区篠路三条2丁目1番92号,北海道,01,
7736174419484,https://www.tsuruha.co.jp/,JP,1430001010672,株式会社ツルハ,ツルハ,北海道札幌市東区北二十四条東20丁目1番21号,北海道,01,2022-12-26T23:36:50Z
8038820013270,https://www.asabu.com/,JP,,,,,,,
1393700210324,http://satohsikaiin-shiroishi.com/,JP,7430005001803,医療法人社団佐藤歯科医院,シャダンサトウシカイイン,北海道札幌市白石区本郷通2丁目北5番15号,北海道,01,2023-04-03T03:35:06Z
2658936091734,http://www.kashiwaba-nougeka.or.jp,JP,5430005001516,社会医療法人柏葉会,ハクヨウカイ,北海道札幌市豊平区月寒東一条15丁目7番20号,北海道,01,
3946275971888,http://www.aoikai.jp,JP,1010005004837,医療法人社団葵会,アオイカイ,千葉県柏市小青田1丁目3番地12,千葉県,12,2023-04-03T12:57:06Z
6540338710357,,JP,3430005013777,医療法人社団南郷ファミリー歯科クリニック,ナンゴウファミリーシカクリニック,北海道札幌市白石区南郷通7丁目北5番25号第3中澤ビル1F,北海道,01,
6216892396138,http://www.city.ibara.okayama.jp,JP,4000020332071,井原市,イバラシ,岡山県井原市井原町311-1,岡山県,33,2023-04-03T14:44:54Z
7496389925290,,JP,2250001013049,株式会社巴屋,トモエヤ,山口県熊毛郡田布施町大字麻郷字中西2932番地13,山口県,35,
8786586285391,,JP,8430002041371,有限会社あけぼの,アケボノ,北海道札幌市白石区本通9丁目南5番5号,北海道,01,
9360435141437,,JP,2430005005247,医療法人社団こうじ歯科クリニック,シャダンコウジシカクリニック,北海道札幌市北区北三十三条西4丁目279番地1北34条ターミナルハイツ1階,北海道,01,2023-04-03T03:36:50Z
9706223734914,,JP,3430005013769,医療法人社団千結会,チユウカイ,北海道札幌市白石区南郷通1丁目南8番10号白石ガーデンプレイス3階,北海道,01,2023-04-03T08:04:09Z
8350717157286,http://www.ioukai.com/,JP,4430005003991,医療法人社団醫王会,イオウカイ,北海道札幌市白石区菊水二条1丁目2番3号,北海道,01,
1889642737526,,JP,3430005001699,医療法人社団木村医院,シャダンキムライイン,北海道札幌市白石区菊水一条1丁目3番33号,北海道,01,
5560796196956,,JP,5430005014121,医療法人祥仁会,ショウジンカイ,北海道札幌市北区新川四条1丁目3番3号ecoa新川クリニックモール2階,北海道,01,
5148649098267,,JP,5430005003371,医療法人社団宏仁会,シャダンヒロトヨカイ,北海道札幌市白石区北郷三条8丁目5番28号,北海道,01,2023-04-03T03:31:57Z
4548950884522,http://shiroishi-jibika.jp,JP,9430005013615,医療法人翔弘会,ショウコウカイ,北海道札幌市白石区南郷通1丁目南8番10号,北海道,01,
6302854461422,http://www.shiroishi.or.jp,JP,3430005002061,医療法人社団明珠会,メイシュカイ,北海道札幌市白石区東札幌五条6丁目6番28号,北海道,01,
1951829622359,,JP,9430005003558,医療法人社団悠仁会,ユウジンカイ,北海道札幌市厚別区青葉町3丁目1番10号,北海道,01,2023-04-03T03:24:37Z
7041846534224,,JP,4430005001608,医療法人社団心優会,シンユウカイ,北海道留萌市開運町1丁目6番1号,北海道,01,
4571359402947,,JP,9020001004171,株式会社ツクイホールディングス,ツクイホールディングス,神奈川県横浜市港南区上大岡西1丁目6番1号,神奈川県,14,
5205747800451,https://www.kitahiro-dental.com/,JP,6430005010953,医療法人社団来仁会,ライジンカイ,北海道北広島市栄町1丁目2-1東光ストア北広島店1階,北海道,01,
7152523352592,,JP,8000020132047,三鷹市,ミタカシ,東京都三鷹市野崎1丁目1-1,東京都,13,2023-04-03T19:30:20Z
6171425003198,http://www.nanokakai.jp,JP,5013105001089,社会福祉法人七日会,ナノカカイ,東京都青梅市今井2丁目1079番地,東京都,13,
1548241525985,,JP,2050001027275,株式会社愛幸,アイコウ,茨城県水戸市松本町7番8号,茨城県,08,
2957960451874,http://www.makita-hp.com/,JP,6430005001639,医療法人社団憲仁会,ケンジンカイ,北海道札幌市北区新琴似一条2丁目6番25号,北海道,01,
5208780676082,https://www.eitokai-obara.com/,JP,4430005001797,医療法人社団栄杜会小原病院,エイトカイオバラビョウイン,北海道札幌市北区屯田九条12丁目5番1号,北海道,01,
6990420079117,http://www.city.miura.kanagawa.jp,JP,5000020142107,三浦市,ミウラシ,神奈川県三浦市城山町1-1,神奈川県,14,2023-04-03T06:08:04Z
9318608318842,,JP,4430005014139,医療法人社団にじいろ会,ニジイロカイ,北海道札幌市北区北三十四条西5丁目2番1号ST34 2階,北海道,01,
7811369884673,http://www.hirata-naika-clinic.com/,JP,8430005003220,医療法人社団和仁会,ワジンカイ,北海道札幌市北区北二十四条西14丁目3番15号,北海道,01,
7647648266385,,JP,6430005004939,医療法人社団横山医院,ヨコヤマイイン,北海道札幌市北区新琴似八条13丁目1番4号,北海道,01,
9864795333113,http://www.city.ichinoseki.iwate.jp/,JP,4000020032093,一関市,イチノセキシ,岩手県一関市竹山町7番2,岩手県,03,2023-04-03T04:56:04Z
2928183782387,http://www.town.kamijima.lg.jp,JP,2000020383562,上島町,カミジマチヨウ,愛媛県越智郡上島町弓削下弓削210,愛媛県,38,
6190276076589,http://www.ishidasika.com,JP,,,,,,,
6896474222534,http://hp.kaipoke.biz/7us/index.html,JP,6430001081767,株式会社C.S.E,シーエスイー,北海道札幌市白石区北郷二条1丁目5番1-205号,北海道,01,
7484868369727,,JP,7122005000923,社会福祉法人仁風会,ジンプウカイ,大阪府東大阪市善根寺町1丁目5番31号,大阪府,27,
7424579951348,http://www.p-himawari.co.jp/,JP,2430001022428,株式会社北海道保健企画,ホッカイドウホケンキカク,北海道札幌市東区伏古十一条1丁目1番35号,北海道,01,
7263356304368,http://www.nihonmirai.com/index.html,JP,4430001028695,株式会社日本みらいファーマ,ニホンミライファーマ,北海道札幌市白石区南郷通8丁目北2番2号,北海道,01,
2554228595241,,JP,5430005001441,医療法人大谷地共立眼科,オオヤチキョウリツガンカ,北海道札幌市厚別区大谷地東5丁目1番38号,北海道,01,2023-04-03T03:27:49Z
6105133523578,,JP,1430005013878,医療法人きたざわ矯正歯科,キタザワキョウセイシカ,北海道札幌市白石区南郷通1丁目北1番1号ST相馬ビル3階,北海道,01,
7785048948385,http://www.okusuri-kenko.co.jp,JP,3430001033985,株式会社Y&A,ワイアンドエー,北海道札幌市中央区南一条西10丁目4番地,北海道,01,2023-04-03T03:30:39Z
6096990947319,,JP,7430005004153,医療法人アパンド,アパンド,北海道札幌市北区新川三条7丁目1番3号,北海道,01,2023-04-03T03:34:36Z
1270612981056,http://gonaika.com,JP,8430005012725,医療法人孝友会,コウユウカイ,北海道札幌市白石区栄通21丁目1番16号,北海道,01,
6571237259913,,JP,6430002039938,有限会社LIFE-LINK,LIFE-LINK,北海道札幌市北区新川三条7丁目1番1号,北海道,01,
7799971243861,,JP,5430005001706,医療法人社団幸仁会札幌ロイヤル病院,シャダンユキヒトカイサッポロロイヤルビョウイン,北海道札幌市白石区米里五条1丁目3番30号,北海道,01,
9799924278123,http://www.pref.hokkaido.lg.jp/,JP,7000020010006,北海道,ホッカイドウ,北海道札幌市中央区北三条西6丁目1,北海道,01,
4839335664619,http://www.cosmo-ph.co.jp/index.html,JP,7380001007784,株式会社コスモファーマ,コスモファーマ,福島県郡山市桑野3丁目12番2号,福島県,07,
1269796500708,,JP,3430005010717,医療法人社団佐分利内科医院,サブリナイカイイン,北海道札幌市白石区本郷通10丁目南1番23号,北海道,01,
9507201504084,http://www.hokuyu-aoth.org/,JP,3430005001526,社会医療法人北楡会,ホクユカイ,北海道札幌市白石区東札幌六条6丁目5番1号,北海道,01,
4706987695262,http://www.city.sado.niigata.jp,JP,9000020152242,佐渡市,サドシ,新潟県佐渡市千種232,新潟県,15,2023-04-03T08:30:39Z
2890599434585,http://www.care-garden.or.jp/,JP,6340005001383,社会福祉法人佳成会,カセイカイ,鹿児島県鹿児島市吉野町10877番地18,鹿児島県,46,
4461852989910,,JP,9430005003517,医療法人社団北郷眼科クリニック,シャダンキタゴウガンカクリニック,北海道札幌市白石区北郷二条4丁目3番5号北郷メディカルビル3階,北海道,01,
5947223602909,http://www.potato-dc.jp,JP,2430005002046,医療法人社団メモリアル会,メモリアルカイ,北海道札幌市北区北二十四条西2丁目3番26号デンタルビル1階,北海道,01,
3090186072767,http://www.clinical-ph.com/,JP,2430002006859,有限会社クリニカル調剤薬局,クリニカルチョウザイヤッキョク,北海道札幌市北区新琴似七条9丁目6番24号,北海道,01,2023-04-03T03:33:30Z
4608861919796,,JP,9430005005249,医療法人しのろファミリークリニック,シノロファミリークリニック,北海道札幌市北区篠路二条10丁目12番1号,北海道,01,2023-04-03T03:36:50Z
5505863763764,http://www.asuka-gp.or.jp/sapporo/,JP,1430005001734,医療法人社団明日佳,アスカ,北海道札幌市中央区宮の森一条17丁目1番25号,北海道,01,
3570454769176,,JP,3430001032665,株式会社メディエイト,メディエイト,北海道札幌市白石区中央一条7丁目10番30号,北海道,01,2023-04-03T03:32:47Z
9763547856811,http://www.heiwa-dtl.com,JP,4430005002003,医療法人社団平和通り歯科医院,シャダンヘイワドオリリシカイイン,北海道札幌市白石区平和通11丁目南3番5号,北海道,01,
7300099120592,http://www.kouwakai.or.jp,JP,1430005001718,社会医療法人康和会,コウワカイ,北海道札幌市豊平区月寒東二条18丁目7番26号,北海道,01,
8681223633840,https://www.matsukiyococokara.com/company/group/cocokara/cc_healthcare/,JP,8120001082605,株式会社ココカラファインヘルスケア,ココカラファインヘルスケア,神奈川県横浜市港北区新横浜3丁目17番6号,神奈川県,14,
2927677728282,,JP,,,,,,,
4692844055007,,JP,9340001014667,株式会社華響,ハナヒビキ,鹿児島県鹿屋市野里町3456番地8,鹿児島県,46,
6220458562154,http://www.sanjukai.or.jp,JP,3430005002029,社会医療法人三樹会,サンジュカイ,北海道札幌市白石区東札幌二条3丁目6番10号,北海道,01,
8386688614377,,JP,6430005001928,医療法人社団夏井坂内科クリニック,ナツイザカナイカクリニック,北海道札幌市厚別区大谷地東4丁目1番2号,北海道,01,
4436182827400,,JP,3290801027607,株式会社COCCO,コッコ,福岡県直方市大字植木1825番地1,福岡県,40,
8012880999594,,JP,5430001079473,株式会社かささぎ,カササギ,北海道札幌市白石区東札幌三条5丁目3番30号,北海道,01,
5692832848084,,JP,4430005001995,医療法人社団ふるや内科,フルヤナイカ,北海道札幌市北区屯田四条3丁目2番10号,北海道,01,
5231470236953,http://www.ohashi-eye.jp/,JP,3430005001575,医療法人社団大橋眼科,オオハシガンカ,北海道札幌市白石区本通6丁目北1番1号,北海道,01,
6513409193324,http://www.genkimuragroup.jp,JP,2030005009734,社会福祉法人元気村,ゲンキムラ,埼玉県鴻巣市東1丁目1番25号,埼玉県,11,
4363652202904,http://ichifuji-pharmacy.jp/,JP,1430002028565,有限会社イチフジ,イチフジ,北海道札幌市白石区平和通5丁目北3番3号,北海道,01,
2728898115811,http://town.kushimoto.wakayama.jp,JP,9000020304280,串本町,クシモトチョウ,和歌山県東牟婁郡串本町サンゴ台690番地5,和歌山県,30,
6980776867153,http://www.shiroishihondori-uro.jp,JP,6430005013353,医療法人社団白石本通り泌尿器科,シロイシホンドオリヒニョウキカ,北海道札幌市白石区本通6丁目北2番1号,北海道,01,
1417854174890,http://s-familie.jp/,JP,2430005006204,医療法人社団新川ファミリエ内科,シンカワファミリエナイカ,北海道札幌市北区新川三条7丁目1-10-1,北海道,01,
6094326086974,http://sapporo-suzuki-hospital.jp/,JP,3430005001451,医療法人研成会,ケンセイカイ,北海道札幌市北区新琴似三条1丁目1番27号,北海道,01,
3767651620533,http://ssoc.jp/,JP,5430005004080,医療法人社団遼風会,リョウフウカイ,北海道札幌市北区新川六条14丁目7番1号,北海道,01,
1733977339758,http://www.hamaoka-hifuka.jp,JP,2430005003812,医療法人社団浜岡皮膚科クリニック,ハマオカヒフカクリニック,北海道札幌市北区屯田七条4丁目7番34号,北海道,01,2023-04-03T03:34:35Z
2445175384857,,JP,2430001010259,狸小路山県薬局株式会社,タヌキコウジヤマガタヤッキョク,北海道札幌市白石区平和通2丁目北8番19号,北海道,01,
6046274765841,http://www.city.bizen.okayama.jp/,JP,7000020332119,備前市,ビゼンシ,岡山県備前市東片上126,岡山県,33,2023-04-03T13:19:04Z
9542535301594,,JP,,,,,,,
3746370655924,,JP,5430001065787,株式会社あお薬局,アオヤッキョク,北海道札幌市白石区平和通3丁目北3番1号,北海道,01,
2927394880183,,JP,6430001058245,株式会社多田メディカル・F,タダメディカルエフ,北海道札幌市白石区菊水元町五条2丁目2番5号,北海道,01,2023-04-03T09:45:13Z
6126042931553,http://www.city.shimonoseki.yamaguchi.jp,JP,4000020352012,下関市,シモノセキシ,山口県下関市南部町1-1,山口県,35,2023-04-03T13:42:09Z
3763631846560,http://moe-clinic.on.coocan.jp/,JP,6430005011877,医療法人社団萌クリニック,モエクリニック,北海道札幌市白石区本郷通13丁目南4-27ムトウビル3階,北海道,01,
2571129465889,http://www.aoki-naika.com,JP,2430005005346,医療法人社団青木内科クリニック,シャダンアオキナイカクリニック,北海道札幌市白石区南郷通1丁目北1番1号ST相馬ビル5F,北海道,01,
6970926910942,http://www.city.mikasa.hokkaido.jp/,JP,3000020012220,三笠市,ミカサシ,北海道三笠市幸町2,北海道,01,2023-04-03T03:22:01Z
9853003999603,http://www.shinkotoni-naika.com/greeting.html,JP,3430005001823,医療法人社団新琴似内科クリニック,シンコトニナイカクリニック,北海道札幌市北区新琴似八条6丁目1番1号,北海道,01,
5412299321685,http://www.shirakaba-pharmacy.com/,JP,1430002010168,有限会社しらかば薬局,シラカバヤッキョク,北海道札幌市豊平区月寒東二条18丁目7番23号,北海道,01,2023-04-03T03:26:10Z
5683286715651,http://www.ohyachi-hp.or.jp/,JP,3430005001476,医療法人重仁会,ジュウジンカイ,北海道札幌市厚別区大谷地東5丁目7番10号,北海道,01,2023-04-03T03:21:56Z
1732163894342,http://www.shanti-medical.net/,JP,8440001005186,シャンティメディカル株式会社,シャンティメディカル,北海道函館市日吉町2丁目9番8号,北海道,01,
2023623701662,http://www.city.chuo.lg.jp/,JP,8000020131024,中央区,チユウオウク,東京都中央区築地1丁目1-1,東京都,13,
2033387527240,,JP,9350001011317,株式会社DRF,ディーアールエフ,宮崎県都城市安久町4657番地4,宮崎県,45,
6437832720252,,JP,6430002001947,有限会社イチミヤ薬局,イチミヤヤッキョク,北海道札幌市北区新琴似八条1丁目1番38号,北海道,01,2023-04-03T03:34:40Z
4476557248370,http://www.shinoguchi.com,JP,9430005011288,医療法人Ciao,チャオ,北海道札幌市厚別区厚別南1丁目11番10号ガーデンハイツひばりが丘1F,北海道,01,2023-04-03T08:09:50Z
2107527809046,http://www.shuokai.org,JP,7040005003070,社会福祉法人修央会,シュウオウカイ,千葉県船橋市古和釜町791番1,千葉県,12,
6790670309482,,JP,1430005004877,医療法人スポキチ,スポキチ,北海道札幌市北区新琴似六条12丁目2番3号,北海道,01,
5832668298948,http://www.town-kyogoku.jp/,JP,3000020013994,京極町,キョウゴクチョウ,北海道虻田郡京極町字京極527,北海道,01,2023-04-03T04:05:26Z
6734336538085,http://www.city.gojo.lg.jp/,JP,1000020292079,五條市,ゴジヨウシ,奈良県五條市岡口1丁目3-1,奈良県,29,
8379875540775,,JP,3430005013257,医療法人幸輪会,コウワカイ,北海道樺戸郡月形町1069番地22,北海道,01,
9679828467454,,JP,5430005001573,医療法人社団池田内科,シャダンイケダナイカ,北海道札幌市北区新琴似一条13丁目1番7号,北海道,01,
3265840249338,http://www.sakurame-dc.com/,JP,2430005004587,医療法人社団響,ヒビキ,北海道札幌市白石区東札幌四条4丁目1番18号,北海道,01,2023-04-03T03:34:23Z
5720338487745,http://www.hoku-iryo-u.ac.jp/,JP,8430005005729,学校法人東日本学園,ヒガシニッポンガクエン,北海道石狩郡当別町字金沢1757番地,北海道,01,2023-04-03T03:21:13Z
1115249271221,http://www.city.iga.lg.jp,JP,6000020242161,伊賀市,イガシ,三重県伊賀市四十九町3184,三重県,24,2023-04-03T10:48:44Z
3915987985233,http://www.nanba-pharmacy.com/,JP,1430001012306,株式会社難波薬局,ナンバヤッキョク,北海道札幌市北区北十四条西4丁目1番15号,北海道,01,
3577548817047,https://familyclinic-cocoro.com/,JP,3430005001773,医療法人社団秀和会ファミリークリニックこころ,シュウワカイファミリークリニックココロ,北海道札幌市厚別区もみじ台東4丁目2番7号,北海道,01,
7860014511268,,JP,3430001067281,株式会社J・サイプレス,ジェイサイプレス,北海道札幌市中央区北五条西6丁目1番地23,北海道,01,
9436126793115,http://san-c.co.jp/,JP,7430001033172,株式会社サンクール,サンクール,北海道札幌市北区北二十五条西8丁目2番24号,北海道,01,
8284076183400,http://www.jibiazabu.or.jp,JP,8430005001496,社会医療法人耳鼻咽喉科麻生,シャカイイリョウホウジンジビインコウカアソウ,北海道札幌市東区北四十条東1丁目1番7号,北海道,01,
6032975023341,http://www.sapporo-higashi-clinic.com/clinic.php,JP,9430005001842,医療法人社団札幌東クリニック,サッポロヒガシクリニック,北海道札幌市白石区南郷通1丁目北2番25号第2カネサビル,北海道,01,
8481647616315,http://www.qoler.jp,JP,9340005003922,社会福祉法人クオラ,クオラ,鹿児島県薩摩郡さつま町船木2315番地1,鹿児島県,46,
3681563900128,https://www.homon-homare.com,JP,,,,,,,
9079580702215,,JP,,,,,,,
9137293009182,https://nopporo-clinic.com/access/,JP,5430005001813,医療法人社団北孔会,シャダンキタアナカイ,北海道札幌市北区北二十八条西15丁目2番17号,北海道,01,2023-04-03T03:34:07Z
1370777600205,,JP,2430005001601,医療法人社団麻生内科クリニック,アサブナイカクリニック,北海道札幌市北区北三十九条西5丁目1番15号北電商販サトウビル3階,北海道,01,
2826597168061,,JP,8290805008672,医療法人はるか,ハルカ,福岡県北九州市八幡西区陣山1丁目4番28号,福岡県,40,
7189153469426,http://www.iwadera.com/,JP,4430005001566,医療法人社団岩寺小児歯科医院,イワデラショウニシカイイン,北海道札幌市北区麻生町2丁目4番5号,北海道,01,2023-04-03T03:34:58Z
7225651808993,http://www.nangou-seikei.com/,JP,6430005005301,医療法人社団南郷通り整形外科,シャダンナンゴウドオリリセイケイゲカ,北海道札幌市白石区南郷通8丁目北1番33号,北海道,01,2023-04-03T17:01:44Z
8152721870402,http://www.hondori-ph.com/,JP,5430002018439,有限会社本通調剤薬局,ホンドオリチョウザイヤッキョク,北海道札幌市白石区本通9丁目南5番5号,北海道,01,
2661828935861,http://www.seikeien.or.jp,JP,3013105001090,社会福祉法人倭林会,ヤマトバヤシカイ,東京都青梅市今井1丁目521番地の1,東京都,13,
7632305528782,http://www.town.kamiichi.toyama.jp/,JP,4000020163228,上市町,カミイチマチ,富山県中新川郡上市町法音寺1番地,富山県,16,2023-04-03T08:52:30Z
1708597695380,http://www.town.morimachi.shizuoka.jp/,JP,2000020224618,森町,モリマチ,静岡県周智郡森町森2101-1,静岡県,22,2023-04-03T10:14:26Z
2002774551131,,JP,7430001076601,北海道投資株式会社,ホッカイドウトウシ,北海道札幌市白石区東札幌三条6丁目1番1号第2小竹ビル1階,北海道,01,
8145679874892,http://shinoro-jibika.com,JP,8430005001562,医療法人社団しのろ耳鼻咽喉科クリニック,シノロジビインコウカクリニック,北海道札幌市北区篠路二条4丁目5番11号メディコアしのろ2階,北海道,01,
7015184973727,https://www.nakajima-phar.co.jp/,JP,7430001027983,株式会社ナカジマ薬局,ナカジマヤッキョク,北海道札幌市中央区北十条西24丁目2番15号,北海道,01,
8501515013990,http://www.do-dental.com,JP,2430005012243,医療法人社団真誠会,シンセイカイ,北海道札幌市北区百合が原9丁目1番1号,北海道,01,2023-04-03T11:52:25Z
7586027678515,https://www.kanpo-nakamura.com/,JP,7430002014601,有限会社中村薬局,ナカムラヤッキョク,北海道札幌市白石区南郷通7丁目北5番1号,北海道,01,
6590691700331,,JP,3430005001889,医療法人社団中鉢小児クリニック,シャダンチュウバチショウニクリニック,北海道札幌市北区新川四条10丁目7番13号,北海道,01,
9280183158798,https://proreco.jp/,JP,4430005003827,医療法人社団パークシティ歯科診療所,シャダンパークシティシカシンリョウジョ,北海道札幌市厚別区大谷地東3丁目3番20号,北海道,01,
5982792524183,,JP,1430005004002,医療法人社団豊仁会,ホウジンカイ,北海道札幌市豊平区平岸二条9丁目5番19号,北海道,01,2023-04-03T03:33:38Z
4663323908561,https://kazumi-service.localinfo.jp/,JP,7030001039474,株式会社和美,カズミ,埼玉県草加市草加3丁目4番1号武蔵野ビル301,埼玉県,11,
2922417776135,,JP,1430005004951,医療法人社団北匠会,シャダンキタタクミカイ,北海道札幌市北区新琴似六条17丁目7番10号,北海道,01,
3635238664927,http://kitago-ortho.com/index.html,JP,1430005001668,医療法人社団北郷整形外科医院,シャダンキタゴウセイケイゲカイイン,北海道札幌市白石区北郷三条8丁目5番33号,北海道,01,2023-04-03T03:26:27Z
6555470588259,http://www.keiyukaisapporo.or.jp/,JP,1430005001445,社会医療法人恵佑会,ケイユウカイ,北海道札幌市白石区本通9丁目南1番1号,北海道,01,2023-04-03T03:22:35Z
1746317291721,http://www.city.joetsu.niigata.jp,JP,9000020152226,上越市,ジヨウエツシ,新潟県上越市木田1丁目1番3号,新潟県,15,2023-04-03T08:42:37Z
3351171926446,,JP,7430005014672,医療法人社団wall402,ウォールヨンマルニ,北海道札幌市白石区菊水三条1丁目2-14-B402,北海道,01,
6401366872397,http://ainosato-jibika.jp,JP,6430005013873,医療法人社団藍葉会,アイバカイ,北海道札幌市北区拓北六条5丁目2番1号,北海道,01,
3845218175899,http://www.asabu-ortho.com/,JP,7430005006224,医療法人社団麻生矯正歯科,アサブキョウセイシカ,北海道札幌市北区北四十条西4丁目2番10号麻生パステルセトビル3階,北海道,01,
6450633599896,,JP,6430005005111,医療法人社団エルム北杜会,エルムホクトカイ,北海道札幌市北区屯田七条3丁目10番15号,北海道,01,2023-04-03T03:34:58Z
8126359257955,http://www.cedar-web.com,JP,3290801004110,株式会社シダー,シダー,福岡県北九州市小倉北区足立2丁目1番1号,福岡県,40,2023-04-03T14:55:42Z
1921451461792,https://www.hhd-mp.com/,JP,2430001002710,株式会社メディプラン,メディプラン,北海道札幌市北区北八条西3丁目28番,北海道,01,
4348522985061,,JP,1430005011097,医療法人社団真幸会,シンコウカイ,北海道札幌市北区新琴似二条10丁目1-10,北海道,01,
2994843433329,https://koyakudo.co.jp/,JP,3430001075128,株式会社光薬堂,ヒカリヤクドウ,北海道札幌市北区屯田六条10丁目7番25号,北海道,01,2023-04-03T13:37:00Z
9775529330250,http://www.hamanasugeka.com,JP,5430005004725,医療法人はまなす,ハマナス,北海道札幌市北区篠路四条9丁目12番45号,北海道,01,
5000955411283,http://www.kokoro-iyashi.info/archives/899704.html,JP,5430005003702,医療法人社団アカシア会いたや内科消化器科,シャダンアカシアカイイタヤナイカショウカキカ,北海道札幌市厚別区上野幌三条3丁目2番1号,北海道,01,2023-04-03T03:34:46Z
5585658980852,http://www.hattorigroup.jp/,JP,4030001012657,株式会社アール,アール,埼玉県さいたま市西区西大宮1丁目2番地1,埼玉県,11,
1650140479266,http://www.city.gero.lg.jp,JP,1000020212202,下呂市,ゲロシ,岐阜県下呂市森960,岐阜県,21,2023-04-03T10:35:04Z
5495256771974,,JP,8430005002008,医療法人社団早川整形外科医院,ハヤカワセイケイゲカイイン,北海道札幌市北区新琴似十一条13丁目6番6号,北海道,01,
6141837527004,http://www.sappro-dc.jp/,JP,6430005001985,医療法人社団博和会,ハクワカイ,北海道札幌市南区常盤三条1丁目1番6号,北海道,01,
2355874325801,,JP,3140005017279,社会福祉法人健仁会,ケンジンカイ,兵庫県加西市鶉野町字東中条1750番地,兵庫県,28,
2695869660275,,JP,9430005001801,医療法人社団世紀会とくしま歯科医院,シャダンセイキカイトクシマシカイイン,北海道札幌市白石区北郷二条5丁目6番10号,北海道,01,
7688639459809,http://www.matsuda-oh.com/,JP,4430005001533,社会医療法人松田整形外科記念病院,マツダセイケイゲカキネンビョウイン,北海道札幌市北区北十八条西4丁目1番35号,北海道,01,
3568196833592,http://fourseason.or.jp/,JP,8430005001793,医療法人社団栄会,サカエカイ,北海道札幌市南区真駒内南町4丁目3番3号,北海道,01,
1550201815869,,JP,5430005005483,医療法人社団薫風会青空たけうち内科クリニック,シャダンクンプウカイアオゾラタケウチナイカクリニック,北海道札幌市白石区菊水元町五条2丁目2番40号,北海道,01,
8242545797003,,JP,9430005004382,医療法人えがみ歯科医院,エガミシカイイン,北海道札幌市白石区東札幌五条2丁目6番12号,北海道,01,2023-04-03T03:35:02Z
6049774402521,http://www.ikueikai.or.jp/,JP,1040005000998,医療法人社団郁栄会,イクエイカイ,千葉県千葉市美浜区高洲4丁目1番9号郁栄ビル3階,千葉県,12,
2531176561086,,JP,8430005011074,医療法人社団望悠会,ボウユウカイ,北海道札幌市北区新琴似二条11丁目7番1号,北海道,01,
2295514445986,,JP,8000020032131,二戸市,ニノヘシ,岩手県二戸市福岡字川又47番地,岩手県,03,2023-04-03T04:39:28Z
4341837091696,https://www.apocreat.co.jp/,JP,4013301018771,アポクリート株式会社,アポクリート,東京都豊島区東池袋4丁目5番2号,東京都,13,
8859347345289,http://www.town.kamigori.hyogo.jp/,JP,6000020284815,上郡町,カミゴオリチヨウ,兵庫県赤穂郡上郡町大持278,兵庫県,28,2023-04-03T11:41:05Z
7000231042017,,JP,3430005004149,医療法人社団昇英会,シャダンノボリエイカイ,北海道札幌市北区篠路三条10丁目158番地30,北海道,01,2023-04-03T03:34:36Z
2726826786932,,JP,6430005001606,医療法人社団伊東皮フ科クリニック,イトウヒフカクリニック,北海道札幌市厚別区大谷地東4丁目1番2号,北海道,01,2023-04-03T03:34:46Z
6905034931801,http://www.skinclinic4512.info,JP,7430005004459,医療法人緑風会新琴似皮膚科スキンケアクリニック,リョクフウカイシンコトニヒフカスキンケアクリニック,北海道札幌市北区新琴似一条12丁目6番38号,北海道,01,
6730443581900,,JP,8430005001678,医療法人社団川北内科循環器科医院,シャダンカワキタナイカジュンカンキカイイン,北海道札幌市白石区川北二条3丁目2番25号,北海道,01,2023-04-03T03:23:39Z
7145941377514,http://www.climber-ph.com/index.htm,JP,1430001005144,株式会社クライマー,クライマー,北海道札幌市豊平区月寒東一条7丁目5番15号クロップビル2階K,北海道,01,
9034818945456,http://www.sakurai-clinic.info,JP,9160005010482,医療法人道器,ドウキ,滋賀県大津市粟津町2番65号第2久下ビル1F,滋賀県,25,
8816600292589,http://www.kikuchi-hifuka.jp/index.html,JP,2430005010528,医療法人社団菊池皮膚科クリニック,シャダンキクチヒフカクリニック,北海道札幌市北区北十七条西3丁目21番ブロスTJビル1F,北海道,01,
3638653495142,http://sapporoart.com/,JP,4430005013933,医療法人社団さっぽろARTクリニックn24,サッポロアートクリニックエヌニジュウヨン,北海道札幌市北区北二十三条西3丁目2番37号第2北進建鉄ビル2階,北海道,01,
6505677288923,https://www.asabu-mental-clinic.com/,JP,9430005003228,医療法人社団さっぽろ麻生メンタルクリニック,サッポロアサブメンタルクリニック,北海道札幌市北区北三十九条西5丁目1番15号北電商販サトウビル4階,北海道,01,
5259847707471,http://www.mmk.co.jp/,JP,2430001045239,株式会社メディカルマネッジ・ケン,メディカルマネッジケン,北海道札幌市北区屯田九条3丁目2番2-1001号,北海道,01,
8746967119218,,JP,6430005004955,医療法人社団栄仁会,シャダンサカエジンカイ,北海道札幌市白石区栄通8丁目2番1号,北海道,01,
3399184512456,,JP,2430005014660,医療法人社団千陽,センヨウ,北海道札幌市北区新琴似二条1丁目1番52号,北海道,01,
2502602898874,https://region-pharmacy.shopinfo.jp/,JP,9430001077705,region株式会社,リジョン,北海道札幌市白石区南郷通16丁目南1番16号,北海道,01,
1606005655494,http://www.municipal-hospital.ichinomiya.aichi.jp,JP,3000020232033,一宮市,イチノミヤシ,愛知県一宮市本町2丁目5-6,愛知県,23,2023-04-03T09:46:29Z
4920313639730,http://www.trust-corporation.co.jp,JP,8130001011298,株式会社トラスト,トラスト,京都府京都市南区西九条川原城町95番地の23,京都府,26,
4137909947970,http://www.saturin.co.jp/,JP,7430001020476,札幌臨床検査センター株式会社,サッポロリンショウケンサセンター,北海道札幌市中央区北三条西18丁目2番地2,北海道,01,
9723957783290,,JP,,,,,,,
3174673934981,http://sapporo-dermpath.com,JP,5430005010302,医療法人社団札幌皮膚病理診断科,サッポロヒフビョウリシンダンカ,北海道札幌市北区北二十一条西4丁目2番25号セゾン・ドゥ・ブランシェ北21条1階,北海道,01,
3352214823845,http://www.diaru.com,JP,1430001016133,株式会社まどか,マドカ,北海道札幌市白石区本通3丁目南2番39号,北海道,01,
3134320442193,http://www.town.ine.kyoto.jp/,JP,5000020264636,伊根町,イネチヨウ,京都府与謝郡伊根町字日出651,京都府,26,
7288180557266,,JP,8430005001819,医療法人社団仁秀会白石整形外科,ジンシュウカイシロイシセイケイゲカ,北海道札幌市白石区中央二条4丁目1番2号,北海道,01,
4054243325865,http://www.link-ring.jp/,JP,6120001216189,株式会社Link Ring,リンクリング,大阪府大阪市東成区東中本3丁目19番23号6階,大阪府,27,
3232147746903,http://www.myclinic.ne.jp/sapkokyukika/pc/,JP,8430005001455,医療法人杏医会,キョウイカイ,北海道札幌市白石区栄通3丁目3番35号,北海道,01,
9140384859543,https://kanpo-jyuhukudo.com/sp/index.html,JP,4430002027589,有限会社漢方寿福堂,カンポウジュフクドウ,北海道札幌市白石区平和通9丁目南3番25号,北海道,01,
4362915110845,,JP,7430005006216,医療法人社団毬会,マリカイ,北海道札幌市白石区東札幌四条1丁目1番1号ラソラ札幌Bタウン2階,北海道,01,
2931958214539,https://p-sano.com,JP,9430001006886,株式会社佐野薬局,サノヤッキョク,北海道札幌市北区北二十三条西4丁目2番13号,北海道,01,2023-04-03T03:26:42Z
5953086898609,http://www.sasamotoganka.com,JP,5430005003900,医療法人社団ささもと眼科クリニック,シャダンササモトガンカクリニック,北海道札幌市北区北三十九条西5丁目1番15号北電商販サトウビル2F,北海道,01,2023-04-03T03:35:13Z
7118153192156,http://www.hisamitsu-cl.com/,JP,5011805001375,医療法人社団久光会,ヒサミツカイ,東京都足立区六町2丁目6番24号,東京都,13,
8959189149561,http://www.tokyonishi-hp.or.jp/,JP,1120005005403,医療法人徳洲会,トクシュウカイ,大阪府大阪市北区梅田1丁目3番1-1200号,大阪府,27,
5506854803368,,JP,2430005001948,医療法人社団にいで歯科医院,ニイデシカイイン,北海道札幌市北区あいの里一条4丁目9番10号,北海道,01,
6227563983607,,JP,1430005001750,医療法人社団星和会大内歯科小児歯科クリニック,シャダンセイワカイオオウチシカショウニシカクリニック,北海道札幌市北区麻生町2丁目10番17号,北海道,01,
8702896982431,,JP,4430005011094,医療法人社団北白石総合歯科,シャダンキタシライシソウゴウシカ,北海道札幌市白石区北郷七条3丁目8番15号第10北海マンション1F,北海道,01,
3824987706321,,JP,7120001118475,株式会社一休,イッキュウ,大阪府大阪市城東区今福東2丁目5番5号,大阪府,27,
5306984583304,https://houyukai-sapporo.com/,JP,1430005002022,医療法人社団朋佑会札幌産科婦人科,ホウユウカイサッポロサンカフジンカ,北海道札幌市北区屯田六条2丁目11番1号,北海道,01,2022-09-28T02:35:56Z
1565128826229,,JP,3430005003621,医療法人社団健志会,ケンシカイ,北海道札幌市北区篠路四条6丁目11番17号,北海道,01,2023-04-03T03:34:08Z
9391439454425,,JP,8430005001629,医療法人社団あさつま会,アサツマカイ,北海道札幌市北区あいの里一条4丁目22番20号,北海道,01,2023-04-03T03:34:12Z
9798000708555,,JP,7430005004764,医療法人社団優駿会,シャダンユウシュンカイ,北海道札幌市白石区東札幌二条5丁目7番5号エコビル白石2階,北海道,01,2023-04-03T03:34:52Z
2193720236094,,JP,2430005010305,医療法人社団育悠会,イクユウカイ,北海道札幌市厚別区厚別中央一条6丁目3番1号,北海道,01,
4209742068985,http://www.ichihara-hospital.or.jp,JP,4050005005226,社会福祉法人健誠会,ケンセイカイ,茨城県つくば市大曽根3690番地,茨城県,08,
2116965908116,,JP,2430005014561,医療法人芳正会,ホウショウカイ,北海道札幌市北区新琴似一条12丁目6番1号,北海道,01,
6001881029292,http://www.mate-cb.jp,JP,5011601026196,株式会社Mate,メイト,埼玉県さいたま市浦和区仲町2丁目9番6号加来ビル406号室,埼玉県,11,
6230461304115,,JP,7430005001753,医療法人社団佐藤診療所,シャダンサトウシンリョウジョ,北海道札幌市北区北十二条西2丁目1番1号,北海道,01,
6762123366154,http://www.allcare.co.jp/,JP,7120001201272,株式会社わらみ,ワラミ,大阪府大東市野崎1丁目9番5号,大阪府,27,
9569546436973,http://www.yurinokai.jp,JP,5430005001788,医療法人社団札幌百合の会病院,サッポロユリノカイビョウイン,北海道札幌市北区百合が原11丁目186番地,北海道,01,
6313477358651,http://www.tasaki.ne.jp/,JP,4430005004899,医療法人社団たさき子ども相談診療室,シャダンタサキコドモソウダンシンリョウシツ,北海道札幌市厚別区大谷地東4丁目2番20号第2西村ビル1階,北海道,01,
7659788084517,http://www.megumi-fukaya.com/,JP,3030001087840,株式会社メグミ,メグミ,埼玉県深谷市岡222番地1,埼玉県,11,
4922666857322,http://www.sankei-kai.or.jp,JP,6140005005041,社会福祉法人三桂会,サンケイカイ,兵庫県神戸市垂水区名谷町1547番1,兵庫県,28,
9557642935822,http://www.hokkoukai.com,JP,8430005002024,医療法人社団北昂会ファミール内科,ホッコウカイファミールナイカ,北海道札幌市北区北二十九条西4丁目2番1-158,北海道,01,
8523804524652,http://www.town.shimokawa.hokkaido.jp,JP,9000020014681,下川町,シモカワチョウ,北海道上川郡下川町幸町63,北海道,01,2023-04-03T04:00:56Z
1541073218435,http://www.city.tamba.lg.jp,JP,3000020282235,丹波市,タンバシ,兵庫県丹波市氷上町成松字甲賀1,兵庫県,28,2023-04-03T11:03:55Z
9412307176995,,JP,8430001010583,ツカサ薬品株式会社,ツカサヤクヒン,北海道札幌市北区北三十一条西5丁目1番30号,北海道,01,
7008603878624,http://maccs-co.com,JP,5430001041581,株式会社マックス,マックス,北海道札幌市北区北十四条西2丁目1番5号,北海道,01,
5714150437544,https://act-pharmacy.jp/,JP,9430001027271,株式会社アクト調剤,アクトチョウザイ,北海道札幌市中央区南一条西11丁目327番地6ワンズ南一条ビル3階,北海道,01,
8848028667281,http://www.nihon-chemical.co.jp/index.html,JP,4430001024158,株式会社日本ケミカル,ニホンケミカル,北海道札幌市中央区南七条西15丁目1番1号,北海道,01,
5359462907848,http://www.central-eye-clinic.jp,JP,2430005012235,医療法人社団SCM,エスシーエム,北海道札幌市北区新川三条7丁目1番64号,北海道,01,
9765478679916,http://www.kiyomizuk-c.or.jp/greeting/,JP,2430005003993,医療法人社団きよみず公園クリニック,キヨミズコウエンクリニック,北海道札幌市白石区東札幌四条3丁目6番1号,北海道,01,
6186396906205,http://www.takuma-family.com/,JP,1460105000385,医療法人社団北馬会たくまファミリー歯科,ホクバカイタクマファミリーシカ,北海道札幌市北区北二十五条西4丁目2番5号マックスバリュ北店2F,北海道,01,
2267517558631,,JP,9430005001776,医療法人社団しのろ眼科医院,シノロガンカイイン,北海道札幌市北区篠路二条4丁目5番11号メディコアしのろ1階,北海道,01,
9917028953909,,JP,6430005013510,医療法人社団悠美会,ユウビカイ,北海道札幌市白石区南郷通14丁目北3番20号,北海道,01,
8639285794262,,JP,6430005013493,医療法人社団リーサ矯正歯科,リーサキョウセイシカ,北海道札幌市白石区南郷通14丁目北1番4号ニューフロンティアビル1F,北海道,01,2023-04-03T04:59:58Z
5425052250182,http://www.town.ino.kochi.jp,JP,9000020393860,いの町,イノチヨウ,高知県吾川郡いの町1700-1,高知県,39,
7832306856482,,JP,,,,,,,
3622795466204,http://www.bsg.cc,JP,8430001039466,株式会社メディカル・エイド北海道,メディカル・エイドホッカイドウ,北海道札幌市白石区栄通15丁目9番34,北海道,01,
5582249314789,http://www.heiikukai.com/,JP,9010405009255,医療法人社団平郁会,ヘイイクカイ,東京都中央区日本橋馬喰町1丁目5番4号,東京都,13,
9664137369910,https://www.daiwa6203.com/,JP,2330001014261,株式会社大環,ダイワ,熊本県八代市袋町1番45号いずみビル2階,熊本県,43,
3887959014591,,JP,,,,,,,
1551567920675,http://www.otsubo-dental.com,JP,4430005003315,医療法人社団弘智会おおつぼ歯科クリニック,シャダンヒロシトモエオオツボシカクリニック,北海道札幌市白石区菊水上町一条2丁目100番50,北海道,01,
6824221068961,http://www.kumasan-hc.com/,JP,6430005013072,医療法人社団ありがとうの風在宅療養支援診療所くまさんクリニック,アリガトウノカゼザイタクリョウヨウシエンシンリョウジョクマサンクリニック,北海道札幌市白石区北郷二条12丁目4番14号,北海道,01,
5785389357522,http://www.ohtsuka-eye.com/,JP,9430005001792,社会医療法人秀眸会大塚眼科病院,シュウホウカイオオツカガンカビョウイン,北海道札幌市北区北十六条西4丁目2番17号,北海道,01,
6943528497228,http://www.kotoni-tower.jp,JP,9430005001867,医療法人社団天祐会,テンユウカイ,北海道札幌市北区新琴似八条13丁目2番9号,北海道,01,2023-04-03T03:26:44Z
6205764788504,,JP,7430001062295,株式会社エフアンドエス,エフアンドエス,北海道札幌市白石区本郷通5丁目南3番7-901号,北海道,01,2023-04-03T06:57:23Z
9628429826183,http://www.kyoueikai.or.jp/,JP,6430005001795,社会医療法人共栄会,キョウエイカイ,北海道札幌市白石区川下577番地8,北海道,01,
1646204604653,http://miraikai.or.jp,JP,8430005012923,医療法人社団みらい会,ミライカイ,北海道小樽市若松1丁目9番10号,北海道,01,
6455693973674,https://asabu-heart.com/,JP,6430005014129,医療法人新楓和会,シンフウワカイ,北海道札幌市北区北四十条西4丁目1番1号ASABULAND1階,北海道,01,
6619320050138,http://www.mimatu.or.jp,JP,5430005000609,社会福祉法人美松善隣会,ミマツゼンリンカイ,北海道札幌市白石区本通16丁目北4番30号,北海道,01,
7707301242135,,JP,6430005001738,医療法人社団杉山歯科医院,スギヤマシカイイン,北海道札幌市北区新琴似七条6丁目5番21号,北海道,01,
9857887074404,http://www.town.hokkaido-mori.lg.jp,JP,6000020013455,森町,モリマチ,北海道茅部郡森町字御幸町144-1,北海道,01,2023-04-03T04:15:04Z
9063728847146,,JP,2000020261009,京都市,キヨウトシ,京都府京都市中京区寺町通御池上る上本能寺前町488,京都府,26,2023-04-03T11:03:54Z
5839529798942,http://ritsueikai.com,JP,1430005003284,医療法人社団律英会,シャダンリツエイカイ,北海道札幌市北区北二十四条西4丁目1-6鈴木ビル2F,北海道,01,2023-04-03T03:35:00Z
9943579928068,,JP,,,,,,,
5574216522185,http://www.kyoseiweb.com,JP,5430005004535,医療法人社団よこやま矯正歯科,ヨコヤマキョウセイシカ,北海道札幌市北区麻生町4丁目12番8号アルファ麻生ビル7階,北海道,01,
6986457397714,,JP,7430005004079,医療法人社団旺仁会,シャダンオウジンカイ,北海道札幌市白石区南郷通14丁目南3番11号,北海道,01,
1019711645210,,JP,8180005005325,医療法人健進会,ケンシンカイ,愛知県名古屋市緑区浦里2丁目174番地,愛知県,23,
6089665021889,,JP,6430005001548,医療法人社団大屋医院,オオヤイイン,北海道札幌市白石区川下二条7丁目2番5号,北海道,01,2023-04-03T03:35:05Z
9720046639523,,JP,6430005010516,医療法人平和の森耳鼻咽喉科クリニック,ヘイワノモリジビインコウカクリニック,北海道札幌市白石区平和通5丁目北11番20号,北海道,01,
2362312591509,,JP,7120001187009,株式会社Trees,ツリーズ,兵庫県芦屋市船戸町3番24-206号,兵庫県,28,
7816286784310,,JP,8430005001554,医療法人社団及川皮膚科医院,シャダンオイカワヒフカイイン,北海道札幌市北区北四十条西4丁目325番地8麻生メディカルビル3階,北海道,01,
4910815162879,https://www.miwadental.jp/,JP,5430005013486,医療法人東札幌三輪デンタルクリニック,ヒガシサッポロミワデンタルクリニック,北海道札幌市白石区東札幌三条1丁目1番1号ラソラ札幌Bタウン2F,北海道,01,2023-04-03T15:49:34Z
7566868519775,http://www.hokujinkai.org/,JP,3430005002020,社会医療法人北腎会,ホクジンカイ,北海道札幌市西区八軒二条西4丁目1番1号,北海道,01,
3050252622956,https://www.kraft-net.co.jp/company/about/kraft/,JP,8010001129202,クラフト株式会社,クラフト,東京都千代田区丸の内1丁目1番1号,東京都,13,
6709525684799,https://haisha-yoyaku.jp/bun2sdental/detail/index/id/0130233851/,JP,6430005001746,医療法人社団清水歯科クリニック,シャダンシミズシカクリニック,北海道札幌市北区新琴似八条2丁目1番13号,北海道,01,
8551122887773,http://www.kin-ikyo-shika.jp/,JP,4430005004453,医療法人北海道勤労者歯科医療協会,ホッカイドウキンロウシャシカイリョウキョウカイ,北海道札幌市西区発寒六条9丁目2番6号,北海道,01,
9809550372953,,JP,6430005014137,医療法人社団あいさに,アイサニ,北海道札幌市北区北二十五条西5丁目1番3号,北海道,01,
7224404823509,,JP,8430005001612,医療法人社団いけだクリニック,イケダクリニック,北海道札幌市北区あいの里二条8丁目4番5号,北海道,01,
3966164092218,http://www.naga-reha.or.jp/,JP,4080105001808,医療法人社団一就会,イッシュウカイ,静岡県伊豆の国市長岡946番地,静岡県,22,
7070807239940,http://www.n-i-c.co.jp/,JP,2290001019694,株式会社ニック,ニック,福岡県福岡市博多区山王1丁目12番19号,福岡県,40,
8689504597919,,JP,,,,,,,
9147015987584,,JP,4320001013163,株式会社Care-Labo,Care-Labo,大分県大分市横塚1丁目311番,大分県,44,
2428638290523,http://www.ahcdyc.com,JP,,,,,,,
8100171959897,http://www.lifepartner.or.jp/,JP,2430005012383,医療法人社団ライフパートナー,ライフパートナー,北海道札幌市北区北十三条西3丁目2番1号アルファスクエア北13条2階-F号室,北海道,01,
7897711596100,http://www.2-a.co.jp,JP,4430002032110,有限会社ツーエイ,ツーエイ,北海道札幌市中央区南一条西27丁目1番41号,北海道,01,
4679598692504,,JP,7340001013407,株式会社信美,シンビ,鹿児島県霧島市国分福島1丁目23番40号,鹿児島県,46,
1503255697722,https://www.j-medix.com/,JP,9430001007117,ジェイ・メディックス株式会社,ジェイメディックス,北海道札幌市北区北二十四条西14丁目3番5号,北海道,01,2023-04-03T03:26:42Z
7088761756796,http://musubitome.com,JP,7190001028882,株式会社結び,ムスビ,三重県四日市市日永西5丁目6-1,三重県,24,
9037323139576,,JP,4430005001665,医療法人社団小谷内科医院,シャダンコヤウチカイイン,北海道札幌市北区北二十三条西4丁目19番地478,北海道,01,
5454337238682,http://www.syuei.com,JP,8430005001802,医療法人社団秀英会,シャダンシュウエイカイ,北海道札幌市北区新琴似八条9丁目2番1号,北海道,01,
8680458079408,,JP,6430005003742,医療法人社団おおやち耳鼻咽喉科クリニック,シャダンオオヤチジビインコウカクリニック,北海道札幌市厚別区大谷地東2丁目3番35号,北海道,01,
9280386547303,http://lilas-clinic.jp,JP,4430005010674,医療法人社団リラ整形外科クリニック,リラセイケイゲカクリニック,北海道札幌市北区屯田九条3丁目1番20号屯田メディカルモール1階,北海道,01,
2810250700852,,JP,5430005001697,医療法人社団クローバー歯科,クローバーシカ,北海道札幌市北区北二十五条西5丁目1番18号,北海道,01,2023-04-03T03:34:57Z
2135846273133,,JP,3430005013752,医療法人暖和会,ダンワカイ,北海道札幌市北区新川五条1丁目1番1号,北海道,01,
1260507930005,http://www.wagaya-miyada.com/,JP,7100002034590,有限会社わが家,ワガヤ,長野県上伊那郡宮田村7577番地5,長野県,20,
7766422457944,,JP,6350005005375,特定非営利活動法人一夢庵,イチムアン,宮崎県日向市比良町4丁目85番地,宮崎県,45,
1491358272121,http://www.hirom-p.com,JP,9430002039217,株式会社ヒロム,ヒロム,北海道札幌市中央区南十五条西19丁目1番13号,北海道,01,
3012935685979,http://www.ono-ganka.or.jp/,JP,4430005001574,医療法人社団小野眼科医院,オノガンカイイン,北海道札幌市北区新琴似八条11丁目2番7号,北海道,01,
2153818345278,http://www.goryokai.com,JP,9430005001719,医療法人社団五稜会病院,シャダンゴリョウカイビョウイン,北海道札幌市北区篠路九条6丁目2番3号,北海道,01,
9638677833012,http://www.daisyo.co.jp,JP,,,,,,,
3921829537372,,JP,3060005003956,特定非営利活動法人ひなた,ヒナタ,栃木県那須塩原市東小屋462番地6,栃木県,09,
5764085886553,https://kokoro34.co.jp/#top,JP,9011001066574,株式会社志,ココロザシ,東京都新宿区西五軒町8-10臼井ビル2階,東京都,13,
8836049424138,https://sapporo-spine.com/,JP,6430005012917,医療法人さっぽろ脊椎外科クリニック,サッポロセキツイゲカクリニック,北海道札幌市北区北十三条西2丁目2番1号,北海道,01,
2966629495563,http://www.doinaika-clinic.jp,JP,3430005011715,医療法人社団どい内科クリニック,ドイナイカクリニック,北海道札幌市北区新琴似一条3丁目3番13号,北海道,01,2023-04-03T10:20:43Z
5424831796569,http://kotohp.or.jp,JP,9430005002015,医療法人社団豊武会,シャダントヨタケカイ,北海道札幌市白石区本郷通7丁目南4番30号,北海道,01,
6016615793717,http://shinsankenkai.or.jp,JP,7430005004533,医療法人新産健会,シンサンケンカイ,北海道札幌市中央区大通西1丁目14番地2,北海道,01,
6245210666599,http://www.city.ueda.nagano.jp,JP,2000020202037,上田市,ウエダシ,長野県上田市大手1丁目11-16,長野県,20,2023-04-03T08:19:02Z
2277749182839,,JP,6430001028735,株式会社ビートル・イード,ビートルイード,北海道札幌市厚別区厚別南4丁目19番14号,北海道,01,
2675162447317,,JP,5430005001945,医療法人社団中條歯科医院,シャダンチュウジョウシカイイン,北海道札幌市北区新琴似九条11丁目11番15号,北海道,01,
8864161610020,http://shinoro-yamada-dental.com,JP,5430005001648,医療法人社団健生会,ケンセイカイ,北海道札幌市北区篠路六条5丁目158番104号,北海道,01,
4575003891677,,JP,6430005001531,医療法人本間皮ふ科クリニック,ホンマヒフカクリニック,北海道札幌市北区あいの里二条8丁目4番1号,北海道,01,
6262410302803,http://hirakawa-d.or.jp,JP,8430005001645,医療法人社団賢裕会,ケンユウカイ,北海道札幌市北区篠路二条6丁目4番26号,北海道,01,2023-04-03T03:23:24Z
6361902757254,,JP,3430005001947,医療法人社団野村内科医院,ノムラナイカイイン,北海道札幌市白石区北郷二条1丁目2番4号,北海道,01,
3156574777424,,JP,1320001013158,株式会社友輪,ユウワ,大分県別府市大字鶴見1951番地の30,大分県,44,
5339710529407,,JP,7430002010113,有限会社白石調剤薬局,シライシチョウザイヤッキョク,北海道札幌市豊平区平岸四条14丁目2番3号,北海道,01,
6688122241025,http://www.city.semboku.akita.jp,JP,3000020052159,仙北市,センボクシ,秋田県仙北市田沢湖生保内字宮ノ後30,秋田県,05,2023-04-03T05:08:26Z
2348121686989,,JP,8430005010530,医療法人社団凛未燿会,リンミョウカイ,北海道札幌市厚別区青葉町8丁目5番29号,北海道,01,
1921194267467,https://kochi-weeks.co.jp,JP,2490001009163,株式会社WEEKS,ウィークス,高知県高知市南はりまや町1丁目3番7号サンコート南はりまや1階,高知県,39,
1028748246991,http://jkkai.com,JP,8430005001851,医療法人社団慈昂会,シャダンウツミノボルカイ,北海道札幌市豊平区福住二条1丁目2番5号,北海道,01,2023-04-03T03:28:02Z
9188028032126,,JP,,,,,,,
2962567524992,,JP,7430005013988,医療法人社団翠和会,スイワカイ,北海道札幌市白石区南郷通19丁目南3番25号マルシンビル南郷1階,北海道,01,
5253012059861,http://green-chozai.com/,JP,3430001005101,株式会社グリーン調剤,グリーンチョウザイ,北海道札幌市中央区大通西11丁目4番27号,北海道,01,2023-04-03T03:24:41Z
7404100707496,https://ike-fami.or.jp,JP,6430005001622,医療法人社団池田ファミリー歯科,シャダンイケダファミリーシカ,北海道札幌市北区篠路四条8丁目1番18号,北海道,01,
8802189478393,,JP,5430001035740,株式会社久保ファーマシー,クボファーマシー,北海道札幌市北区新琴似十条8丁目2番11号,北海道,01,
1026637632073,http://eveclinic.jp/,JP,4430005012902,医療法人社団EVEウィミンズクリニック,シャダンEVEウィミンズクリニック,北海道札幌市白石区南郷通21丁目南5番41号,北海道,01,
5060984339204,,JP,1430002015514,株式会社バイタル,バイタル,北海道札幌市白石区北郷二条1丁目2番4号,北海道,01,
7730512603348,https://gakken-educational.co.jp/,JP,5010701022774,株式会社学研エデュケーショナル,ガッケンエデュケーショナル,東京都品川区西五反田2丁目11番8号,東京都,13,2023-04-03T16:52:36Z
9277129402795,https://houjin-db.info/companies/1180003023285,JP,1180003023285,合同会社虹色,ニジイロ,愛知県知多市南粕谷1丁目20番地の65,愛知県,23,
7725954650656,,JP,2430005006360,医療法人社団南郷メンタルクリニック,シャダンナンゴウメンタルクリニック,北海道札幌市白石区南郷通19丁目南3番11号メディカル97 4F,北海道,01,
1149942149937,http://www.cruto.net,JP,2330001022636,株式会社Steki,ステッキ,熊本県熊本市東区下江津5丁目10番22号,熊本県,43,
7020973913392,http://www.sato-pediatric-clinic.com,JP,3430005001872,医療法人社団さとう小児科医院,サトウショウニカイイン,北海道札幌市北区北二十五条西5丁目1番1号,北海道,01,2023-04-03T03:34:07Z
4187239357400,,JP,9430002034036,有限会社つかさ,ツカサ,北海道札幌市清田区美しが丘二条3丁目7番2号,北海道,01,
1629750426852,,JP,2430002000283,有限会社アート調剤薬局,アートチョウザイヤッキョク,北海道札幌市北区新琴似八条6丁目5番10号,北海道,01,
4928513060606,http://www.hakusui-kai.jp,JP,6430005003726,医療法人社団白水会,ハクスイカイ,北海道札幌市手稲区西宮の沢一条4丁目10番17号,北海道,01,
8759874917644,https://www.qolhd.co.jp/,JP,6010401088941,クオールホールディングス株式会社,クオールホールディングス,東京都港区虎ノ門4丁目3番1号城山トラストタワー37階,東京都,13,
1695898424933,https://vns-bloom.jimdofree.com/,JP,6180303003569,合同会社SHIARA,シアラ,愛知県豊田市永覚新町3丁目17番地MIガーデン102号室,愛知県,23,
8179295774650,,JP,7350002009667,株式会社MINORI,ミノリ,宮崎県宮崎市佐土原町下田島12133-45,宮崎県,45,
7164753020541,http://oguro-hp.jp,JP,8430005001901,医療法人社団太黒胃腸内科病院,オオグロイチョウナイカビョウイン,北海道札幌市北区北十一条西3丁目1番15号,北海道,01,
5733680186675,http://www.fusegawa-naika.com,JP,4430005001987,医療法人社団布施川内科医院,フセガワナイカイイン,北海道札幌市北区新琴似七条14丁目4番23号,北海道,01,2023-04-03T03:27:06Z
9619745347926,http://www.tenbien.jp/,JP,3170005001981,社会福祉法人中庸会,チュウヨウカイ,和歌山県海南市七山964番地の1,和歌山県,30,
2212161347057,,JP,5430005002010,医療法人社団ふるげん内科・循環器クリニック,フルゲンナイカジュンカンキクリニック,北海道札幌市白石区北郷三条4丁目6番1号,北海道,01,
8832215420961,,JP,9430005004861,医療法人社団慈生会,ジセイカイ,北海道札幌市北区北三十八条西2丁目2番17号,北海道,01,
3332040612375,,JP,5430005001978,医療法人社団箱木歯科,シャダンハコギシカ,北海道札幌市北区篠路三条5丁目1番20号,北海道,01,
1781285453693,http://www.igarashi-c.jp/,JP,2130005009278,医療法人健心会,ケンシンカイ,京都府京田辺市河原神谷7-1,京都府,26,2023-04-03T10:59:42Z
8456265409209,,JP,6080105002374,特定非営利活動法人優輪会,ユウワカイ,静岡県駿東郡清水町徳倉405番地の6,静岡県,22,
1780444203886,http://ph-asami.co.jp/,JP,7430001045291,株式会社あさみ,アサミ,北海道札幌市北区北十三条西4丁目2番16号,北海道,01,
4366404455806,http://shinkawashindo.com,JP,8430005001513,医療法人新川新道整形外科病院,シンカワシンドウセイケイゲカビョウイン,北海道札幌市北区新川五条4丁目2番8号,北海道,01,
1453443526127,http://kai-reha.jp/,JP,2090005006263,医療法人久晴会,キュウセイカイ,山梨県甲斐市西八幡3990番地,山梨県,19,
2673603342751,http://kitasatsu.or.jp/,JP,9430005001677,医療法人社団北札幌病院,キタサッポロビョウイン,北海道札幌市北区新琴似九条1丁目1番1号,北海道,01,
6761098639268,http://www.yahata-hp.com,JP,9011405000063,医療法人社団翠会,ミドリカイ,東京都板橋区三園1丁目19番1号,東京都,13,
1057007060414,http://www.spmed.jp/medimap/detail/?id=676,JP,7430005001877,医療法人社団たちばなこどもクリニツク,タチバナコドモクリニック,北海道札幌市北区屯田四条1丁目7番10号,北海道,01,
6156825090989,http://www.suzuki-hp.or.jp,JP,8320005004452,医療法人久寿会,キュウジュカイ,大分県速見郡日出町大字藤原1691番地の1,大分県,44,
6632791002093,,JP,6430005014665,医療法人和,ワ,北海道札幌市厚別区上野幌三条4丁目19番26号ホクノー上野幌ビル2階,北海道,01,
6077907426373,http://www.hirama-byouin.or.jp/,JP,,,,,,,
2381214173616,,JP,,,,,,,
3614697067547,http://www.corecom.jp/about/,JP,3430001028663,コアファルマ株式会社,コアファルマ,北海道札幌市北区北三十二条西5丁目1番23号ビアンノース1階,北海道,01,
1568104066679,,JP,8430005001703,医療法人社団恒仁会,コウジンカイ,北海道札幌市厚別区もみじ台西6丁目1番7号,北海道,01,
3965377463529,http://www.town.hokkaido-kamikawa.lg.jp,JP,8000020014575,上川町,カミカワチョウ,北海道上川郡上川町南町180,北海道,01,2023-04-03T04:00:55Z